Rk,Player,Nation,Pos,Squad,Age,Born,MP,Starts,Min,90s,Gls,Ast,G+A,G-PK,PK,PKatt,CrdY,CrdR,xG,npxG,xAG,npxG+xAG,PrgC,PrgP,PrgR,Gls,Ast,G+A,G-PK,G+A-PK,xG,xAG,xG+xAG,npxG,npxG+xAG,Matches,-9999
1,Brenden Aaronson,us USA,MFFW,Leeds United,22-138,2000,24,21,1785,19.8,1,2,3,1,0,0,2,0,2.7,2.7,3.2,5.9,30,66,110,0.05,0.10,0.15,0.05,0.15,0.14,0.16,0.30,0.14,0.30,Matches,5bc43860
2,Che Adams,sct SCO,FW,Southampton,26-239,1996,22,19,1639,18.2,4,3,7,4,0,0,1,0,4.6,4.6,2.7,7.3,12,25,84,0.22,0.16,0.38,0.22,0.38,0.26,0.15,0.40,0.26,0.40,Matches,f2bf1b0f
3,Tyler Adams,us USA,MF,Leeds United,24-023,1999,23,23,2066,23.0,0,0,0,0,0,0,6,1,0.1,0.1,1.3,1.4,17,128,20,0.00,0.00,0.00,0.00,0.00,0.00,0.06,0.06,0.00,0.06,Matches,2b09d998
4,Tosin Adarabioyo,eng ENG,DF,Fulham,25-166,1997,14,12,1095,12.2,1,0,1,1,0,0,2,0,0.2,0.2,0.0,0.2,6,36,1,0.08,0.00,0.08,0.08,0.08,0.01,0.00,0.01,0.01,0.01,Matches,c81d773d
5,Nayef Aguerd,ma MAR,DF,West Ham,26-344,1996,9,8,785,8.7,0,0,0,0,0,0,3,0,0.8,0.8,0.1,0.9,1,15,4,0.00,0.00,0.00,0.00,0.00,0.09,0.01,0.10,0.09,0.10,Matches,288e1e13
6,Naouirou Ahamada,fr FRA,MFFW,Crystal Palace,20-345,2002,4,0,43,0.5,0,0,0,0,0,0,1,0,0.1,0.1,0.0,0.1,1,1,8,0.00,0.00,0.00,0.00,0.00,0.22,0.00,0.22,0.22,0.22,Matches,a6c58494
7,Rayan Aït Nouri,fr FRA,DF,Wolves,21-276,2001,19,9,1009,11.2,1,0,1,1,0,0,4,0,0.7,0.7,1.0,1.7,30,42,73,0.09,0.00,0.09,0.09,0.09,0.06,0.09,0.15,0.06,0.15,Matches,9b398aea
8,Kristoffer Ajer,no NOR,DF,Brentford,24-326,1998,9,9,763,8.5,0,0,0,0,0,0,0,0,0.0,0.0,0.0,0.1,10,31,12,0.00,0.00,0.00,0.00,0.00,0.00,0.00,0.01,0.00,0.01,Matches,a8c0acb7
9,Manuel Akanji,ch SUI,DF,Manchester City,27-233,1995,19,16,1541,17.1,0,1,1,0,0,0,2,0,1.0,1.0,0.2,1.2,19,78,8,0.00,0.06,0.06,0.00,0.06,0.06,0.01,0.07,0.06,0.07,Matches,89ac64a6
10,Nathan Aké,nl NED,DF,Manchester City,28-019,1995,20,16,1423,15.8,0,0,0,0,0,0,1,0,1.0,1.0,0.3,1.4,19,110,20,0.00,0.00,0.00,0.00,0.00,0.06,0.02,0.09,0.06,0.09,Matches,eaeca114
11,Marc Albrighton,eng ENG,FWMF,Leicester City,33-111,1989,6,1,237,2.6,1,0,1,1,0,0,0,0,0.3,0.3,0.9,1.3,5,7,18,0.38,0.00,0.38,0.38,0.38,0.13,0.34,0.48,0.13,0.48,Matches,b827d5b3
12,Thiago Alcántara,es ESP,MF,Liverpool,31-332,1991,14,14,1154,12.8,0,0,0,0,0,0,2,0,0.4,0.4,1.1,1.5,12,107,22,0.00,0.00,0.00,0.00,0.00,0.03,0.08,0.12,0.03,0.12,Matches,77e84962
13,Carlos Alcaraz,ar ARG,MF,Southampton,20-099,2002,5,2,187,2.1,2,0,2,2,0,0,1,0,0.5,0.5,0.0,0.5,7,7,7,0.96,0.00,0.96,0.96,0.96,0.25,0.01,0.26,0.25,0.26,Matches,4abac767
14,Trent Alexander-Arnold,eng ENG,DF,Liverpool,24-153,1998,25,22,1869,20.8,1,2,3,1,0,0,3,0,1.6,1.6,6.2,7.8,30,152,109,0.05,0.10,0.14,0.05,0.14,0.08,0.30,0.37,0.08,0.37,Matches,cd1acf9d
15,Alisson,br BRA,GK,Liverpool,30-158,1992,25,25,2250,25.0,0,1,1,0,0,0,0,0,0.0,0.0,0.3,0.3,0,1,0,0.00,0.04,0.04,0.00,0.04,0.00,0.01,0.01,0.00,0.01,Matches,7a2e46a8
16,Dele Alli,eng ENG,MF,Everton,26-332,1996,2,0,40,0.4,0,0,0,0,0,0,0,0,0.0,0.0,0.0,0.0,0,1,1,0.00,0.00,0.00,0.00,0.00,0.00,0.00,0.00,0.00,0.00,Matches,cea4ee8f
17,Miguel Almirón,py PAR,FW,Newcastle Utd,29-027,1994,24,24,1955,21.7,10,1,11,10,0,0,2,0,6.0,6.0,1.5,7.6,61,105,200,0.46,0.05,0.51,0.46,0.51,0.28,0.07,0.35,0.28,0.35,Matches,862a1c15
18,Julián Álvarez,ar ARG,FWMF,Manchester City,23-037,2000,19,6,716,8.0,5,0,5,5,0,0,0,0,3.2,3.2,1.1,4.4,22,21,51,0.63,0.00,0.63,0.63,0.63,0.41,0.14,0.55,0.41,0.55,Matches,15ab5a2b
19,Daniel Amartey,gh GHA,DF,Leicester City,28-078,1994,17,15,1365,15.2,0,0,0,0,0,0,1,0,0.1,0.1,0.5,0.6,18,62,5,0.00,0.00,0.00,0.00,0.00,0.00,0.04,0.04,0.00,0.04,Matches,1a4ef233
20,Joachim Andersen,dk DEN,DF,Crystal Palace,26-282,1996,20,20,1747,19.4,1,0,1,1,0,0,5,0,1.3,1.3,0.4,1.7,5,51,5,0.05,0.00,0.05,0.05,0.05,0.07,0.02,0.09,0.07,0.09,Matches,e34fc66d
21,Elliot Anderson,sct SCO,MFFW,Newcastle Utd,20-123,2002,11,1,143,1.6,0,0,0,0,0,0,0,0,0.5,0.5,0.5,1.0,15,8,14,0.00,0.00,0.00,0.00,0.00,0.30,0.32,0.62,0.30,0.62,Matches,de31038e
22,Jaidon Anthony,eng ENG,MFFW,Bournemouth,23-098,1999,20,7,859,9.5,3,0,3,3,0,0,1,0,1.5,1.5,0.6,2.1,23,38,50,0.31,0.00,0.31,0.31,0.31,0.16,0.06,0.22,0.16,0.22,Matches,e4238fb1
23,Michail Antonio,jm JAM,FW,West Ham,32-346,1990,23,12,1129,12.5,3,2,5,3,0,0,2,0,3.4,3.4,1.1,4.5,26,20,75,0.24,0.16,0.40,0.24,0.40,0.27,0.09,0.36,0.27,0.36,Matches,ac05f970
24,Antony,br BRA,FW,Manchester Utd,23-013,2000,13,12,998,11.1,3,0,3,3,0,0,4,0,2.8,2.8,0.5,3.3,52,31,86,0.27,0.00,0.27,0.27,0.27,0.25,0.04,0.30,0.25,0.30,Matches,99127249
25,Cameron Archer,eng ENG,FWMF,Aston Villa,21-231,2001,6,0,49,0.5,0,0,0,0,0,0,0,0,0.0,0.0,0.0,0.0,3,0,3,0.00,0.00,0.00,0.00,0.00,0.00,0.00,0.00,0.00,0.00,Matches,05e8ca6d
26,Alphonse Areola,fr FRA,GK,West Ham,30-010,1993,4,1,219,2.4,0,0,0,0,0,0,0,0,0.0,0.0,0.0,0.0,0,0,0,0.00,0.00,0.00,0.00,0.00,0.00,0.00,0.00,0.00,0.00,Matches,2f965a72
27,Joe Aribo,ng NGA,MFFW,Southampton,26-231,1996,19,11,1094,12.2,2,0,2,2,0,0,2,0,1.4,1.4,0.8,2.2,17,35,58,0.16,0.00,0.16,0.16,0.16,0.12,0.06,0.18,0.12,0.18,Matches,328f7d51
28,Adam Armstrong,eng ENG,FW,Southampton,26-027,1997,23,12,1096,12.2,1,1,2,1,0,0,1,0,1.8,1.8,0.7,2.5,35,15,54,0.08,0.08,0.16,0.08,0.16,0.15,0.05,0.20,0.15,0.20,Matches,68c720b5
29,Stuart Armstrong,sct SCO,MFFW,Southampton,30-344,1992,21,9,898,10.0,1,0,1,1,0,0,5,0,1.3,1.3,1.7,3.0,39,52,51,0.10,0.00,0.10,0.10,0.10,0.13,0.17,0.30,0.13,0.30,Matches,97333cf5
30,Kepa Arrizabalaga,es ESP,GK,Chelsea,28-157,1994,17,17,1485,16.5,0,0,0,0,0,0,1,0,0.0,0.0,0.0,0.0,0,0,0,0.00,0.00,0.00,0.00,0.00,0.00,0.00,0.00,0.00,0.00,Matches,28d596a0
31,Pierre-Emerick Aubameyang,ga GAB,FW,Chelsea,33-264,1989,12,4,441,4.9,1,0,1,1,0,0,1,0,0.7,0.7,0.3,1.0,7,3,22,0.20,0.00,0.20,0.20,0.20,0.14,0.07,0.21,0.14,0.21,Matches,d5dd5f1f
32,Ludwig Augustinsson,se SWE,DF,Aston Villa,28-322,1994,3,1,77,0.9,0,0,0,0,0,0,1,0,0.1,0.1,0.0,0.1,0,0,3,0.00,0.00,0.00,0.00,0.00,0.10,0.00,0.10,0.10,0.10,Matches,9fec8860
33,Serge Aurier,ci CIV,DF,Nott'ham Forest,30-075,1992,16,14,1250,13.9,1,0,1,1,0,0,2,0,0.6,0.6,0.9,1.5,29,50,40,0.07,0.00,0.07,0.07,0.07,0.05,0.06,0.11,0.05,0.11,Matches,5c2b4f07
34,Taiwo Awoniyi,ng NGA,FW,Nott'ham Forest,25-209,1997,16,9,730,8.1,4,0,4,4,0,0,0,0,4.5,4.5,1.0,5.5,11,7,33,0.49,0.00,0.49,0.49,0.49,0.56,0.12,0.68,0.56,0.68,Matches,e5478b87
35,André Ayew,gh GHA,FW,Nott'ham Forest,33-082,1989,5,0,106,1.2,0,0,0,0,0,0,0,0,0.2,0.2,0.0,0.2,3,2,5,0.00,0.00,0.00,0.00,0.00,0.15,0.00,0.15,0.15,0.15,Matches,5dbefa9d
36,Jordan Ayew,gh GHA,FWMF,Crystal Palace,31-179,1991,25,21,1751,19.5,1,1,2,1,0,0,2,0,1.4,1.4,1.6,3.0,50,37,103,0.05,0.05,0.10,0.05,0.10,0.07,0.08,0.15,0.07,0.15,Matches,da052c14
37,Luke Ayling,eng ENG,DF,Leeds United,31-196,1991,18,11,1064,11.8,0,1,1,0,0,0,1,0,1.1,1.1,1.5,2.5,16,45,50,0.00,0.08,0.08,0.00,0.08,0.09,0.12,0.22,0.09,0.22,Matches,420d7c7d
38,César Azpilicueta,es ESP,DF,Chelsea,33-193,1989,19,11,1106,12.3,0,0,0,0,0,0,3,0,0.3,0.3,1.0,1.3,17,58,60,0.00,0.00,0.00,0.00,0.00,0.02,0.08,0.10,0.02,0.10,Matches,53cad200
39,Benoît Badiashile,fr FRA,DF,Chelsea,21-348,2001,6,6,540,6.0,0,0,0,0,0,0,1,0,0.6,0.6,0.5,1.1,8,32,1,0.00,0.00,0.00,0.00,0.00,0.10,0.08,0.19,0.10,0.19,Matches,06df8256
40,Leon Bailey,jm JAM,FWMF,Aston Villa,25-212,1997,24,19,1482,16.5,4,2,6,4,0,0,4,0,4.5,4.5,2.5,7.0,61,25,135,0.24,0.12,0.36,0.24,0.36,0.28,0.15,0.43,0.28,0.43,Matches,3a233281
41,Stefan Bajcetic,es ESP,MF,Liverpool,18-138,2004,10,5,439,4.9,1,0,1,1,0,0,2,0,0.8,0.8,0.4,1.1,8,21,1,0.21,0.00,0.21,0.21,0.21,0.15,0.08,0.23,0.15,0.23,Matches,32e8417f
42,Patrick Bamford,eng ENG,FW,Leeds United,29-185,1993,17,9,825,9.2,1,2,3,1,0,1,1,0,5.3,4.5,0.7,5.2,8,13,54,0.11,0.22,0.33,0.11,0.33,0.58,0.07,0.65,0.49,0.57,Matches,93feac6e
43,Shandon Baptiste,gd GRN,MF,Brentford,24-335,1998,13,4,439,4.9,0,0,0,0,0,0,1,0,0.2,0.2,0.7,0.9,8,32,19,0.00,0.00,0.00,0.00,0.00,0.04,0.15,0.19,0.04,0.19,Matches,2886c9b5
44,Harvey Barnes,eng ENG,MFFW,Leicester City,25-090,1997,23,23,1921,21.3,8,1,9,8,0,0,2,0,6.5,6.5,1.6,8.1,67,51,195,0.37,0.05,0.42,0.37,0.42,0.30,0.08,0.38,0.30,0.38,Matches,3ea50f67
45,Gavin Bazunu,ie IRL,GK,Southampton,21-017,2002,25,25,2250,25.0,0,0,0,0,0,0,0,0,0.0,0.0,0.1,0.1,0,1,0,0.00,0.00,0.00,0.00,0.00,0.00,0.00,0.00,0.00,0.00,Matches,c91441dc
46,Mads Bech Sørensen,dk DEN,DFMF,Brentford,24-061,1999,4,0,21,0.2,0,0,0,0,0,0,0,0,0.0,0.0,0.0,0.0,0,1,0,0.00,0.00,0.00,0.00,0.00,0.00,0.00,0.00,0.00,0.00,Matches,30db8574
47,Jan Bednarek,pl POL,DF,Southampton,26-331,1996,7,7,609,6.8,0,0,0,0,0,0,0,0,0.3,0.3,0.1,0.4,0,11,2,0.00,0.00,0.00,0.00,0.00,0.05,0.01,0.06,0.05,0.06,Matches,4115ce4e
48,Jan Bednarek,pl POL,DF,Aston Villa,26-331,1996,3,1,100,1.1,0,0,0,0,0,0,0,0,0.0,0.0,0.0,0.0,1,5,0,0.00,0.00,0.00,0.00,0.00,0.00,0.00,0.00,0.00,0.00,Matches,4115ce4e
49,Donny van de Beek,nl NED,MF,Manchester Utd,25-325,1997,7,2,167,1.9,0,0,0,0,0,0,0,0,0.1,0.1,0.1,0.2,2,6,20,0.00,0.00,0.00,0.00,0.00,0.05,0.06,0.11,0.05,0.11,Matches,50dc94ce
50,Asmir Begović,ba BIH,GK,Everton,35-262,1987,1,1,90,1.0,0,0,0,0,0,0,0,0,0.0,0.0,0.0,0.0,0,0,0,0.00,0.00,0.00,0.00,0.00,0.00,0.00,0.00,0.00,0.00,Matches,7b4de647
51,Armel Bella Kotchap,de GER,DF,Southampton,21-088,2001,16,16,1296,14.4,0,1,1,0,0,0,3,0,0.8,0.8,0.2,0.9,3,22,2,0.00,0.07,0.07,0.00,0.07,0.05,0.01,0.07,0.05,0.07,Matches,a39d11bc
52,Saïd Benrahma,dz ALG,FWMF,West Ham,27-211,1995,23,14,1339,14.9,3,3,6,1,2,2,0,0,3.9,2.3,2.8,5.2,67,49,172,0.20,0.20,0.40,0.07,0.27,0.26,0.19,0.45,0.16,0.35,Matches,5a04fd92
53,Rodrigo Bentancur,uy URU,MF,Tottenham,25-257,1997,18,17,1500,16.7,5,2,7,5,0,0,8,0,2.2,2.2,0.8,3.0,26,75,19,0.30,0.12,0.42,0.30,0.42,0.13,0.05,0.18,0.13,0.18,Matches,3b8674e6
54,Victor Bernth Kristiansen,dk DEN,DF,Leicester City,20-083,2002,4,4,350,3.9,0,0,0,0,0,0,0,0,0.1,0.1,0.4,0.5,12,14,8,0.00,0.00,0.00,0.00,0.00,0.02,0.10,0.12,0.02,0.12,Matches,505486d6
55,Owen Bevan,wls WAL,DF,Bournemouth,19-134,2003,1,0,9,0.1,0,0,0,0,0,0,0,0,0.0,0.0,0.0,0.0,0,0,0,0.00,0.00,0.00,0.00,0.00,0.00,0.00,0.00,0.00,0.00,Matches,87966294
56,Giulian Biancone,fr FRA,DF,Nott'ham Forest,22-343,2000,2,0,17,0.2,0,0,0,0,0,0,0,0,0.0,0.0,0.0,0.0,2,0,1,0.00,0.00,0.00,0.00,0.00,0.00,0.00,0.00,0.00,0.00,Matches,de40e38c
57,Philip Billing,dk DEN,MFFW,Bournemouth,26-271,1996,24,22,1793,19.9,5,1,6,5,0,0,3,0,2.2,2.2,2.2,4.4,25,48,63,0.25,0.05,0.30,0.25,0.30,0.11,0.11,0.22,0.11,0.22,Matches,d328a254
58,Yves Bissouma,ml MLI,MF,Tottenham,26-191,1996,20,8,814,9.0,0,0,0,0,0,0,5,0,0.2,0.2,0.5,0.7,10,45,7,0.00,0.00,0.00,0.00,0.00,0.02,0.06,0.08,0.02,0.08,Matches,6c203af0
59,Willy Boly,ci CIV,DF,Nott'ham Forest,32-034,1991,8,8,592,6.6,0,1,1,0,0,0,2,0,0.0,0.0,0.2,0.2,1,10,0,0.00,0.15,0.15,0.00,0.15,0.00,0.03,0.03,0.00,0.03,Matches,a4ac4b8f
60,Sven Botman,nl NED,DF,Newcastle Utd,23-056,2000,22,21,1867,20.7,0,0,0,0,0,0,1,0,1.0,1.0,0.9,1.9,6,50,3,0.00,0.00,0.00,0.00,0.00,0.05,0.04,0.09,0.05,0.09,Matches,ccce7025
61,Jarrod Bowen,eng ENG,FWMF,West Ham,26-079,1996,25,25,2240,24.9,4,2,6,3,1,2,2,0,6.9,5.8,4.4,10.2,67,52,155,0.16,0.08,0.24,0.12,0.20,0.28,0.18,0.45,0.23,0.41,Matches,79c84d1c
62,James Bree,eng ENG,DF,Southampton,25-149,1997,2,2,169,1.9,0,0,0,0,0,0,0,0,0.0,0.0,0.2,0.2,1,1,7,0.00,0.00,0.00,0.00,0.00,0.00,0.12,0.12,0.00,0.12,Matches,c07b7c5c
63,Armando Broja,al ALB,FW,Chelsea,21-180,2001,12,2,294,3.3,1,0,1,1,0,0,0,0,0.8,0.8,0.1,0.9,7,4,17,0.31,0.00,0.31,0.31,0.31,0.26,0.02,0.27,0.26,0.27,Matches,97220da2
64,Lewis Brunt,eng ENG,DF,Leicester City,22-123,2000,1,0,23,0.3,0,0,0,0,0,0,0,0,0.0,0.0,0.0,0.0,0,0,2,0.00,0.00,0.00,0.00,0.00,0.00,0.00,0.00,0.00,0.00,Matches,a2081c6b
65,Bryan,es ESP,MFFW,Tottenham,22-026,2001,4,2,148,1.6,0,1,1,0,0,0,1,0,0.1,0.1,0.2,0.3,4,5,15,0.00,0.61,0.61,0.00,0.61,0.06,0.11,0.17,0.06,0.17,Matches,7b5ab7f2
66,Emi Buendía,ar ARG,MFFW,Aston Villa,26-074,1996,25,16,1465,16.3,4,0,4,4,0,0,0,0,3.9,3.9,3.0,6.9,33,90,81,0.25,0.00,0.25,0.25,0.25,0.24,0.19,0.42,0.24,0.42,Matches,66b76d44
67,Hugo Bueno,es ESP,DF,Wolves,20-172,2002,15,13,1040,11.6,0,1,1,0,0,0,1,0,0.2,0.2,0.7,0.9,41,31,52,0.00,0.09,0.09,0.00,0.09,0.02,0.06,0.07,0.02,0.07,Matches,bfc3b3a0
68,Facundo Buonanotte,ar ARG,FWMF,Brighton,18-076,2004,3,0,50,0.6,0,1,1,0,0,0,0,0,0.1,0.1,0.1,0.3,1,1,2,0.00,1.80,1.80,0.00,1.80,0.25,0.21,0.46,0.25,0.46,Matches,468a7a91
69,Dan Burn,eng ENG,DF,Newcastle Utd,30-304,1992,24,23,2030,22.6,0,0,0,0,0,0,3,0,1.1,1.1,0.6,1.7,17,74,27,0.00,0.00,0.00,0.00,0.00,0.05,0.03,0.08,0.05,0.08,Matches,b2d31e83
70,Cafú,pt POR,MF,Nott'ham Forest,30-011,1993,1,0,7,0.1,0,0,0,0,0,0,0,0,0.0,0.0,0.0,0.0,0,1,0,0.00,0.00,0.00,0.00,0.00,0.00,0.00,0.00,0.00,0.00,Matches,85322440
71,Moisés Caicedo,ec ECU,MF,Brighton,21-127,2001,22,21,1909,21.2,1,1,2,1,0,0,6,0,1.0,1.0,1.5,2.5,18,134,32,0.05,0.05,0.09,0.05,0.09,0.05,0.07,0.12,0.05,0.12,Matches,16264a81
72,Tom Cairney,sct SCO,MF,Fulham,32-048,1991,22,1,471,5.2,0,0,0,0,0,0,1,0,0.6,0.6,1.2,1.9,21,50,26,0.00,0.00,0.00,0.00,0.00,0.12,0.24,0.36,0.12,0.36,Matches,a8748947
73,Duje Ćaleta-Car,hr CRO,DF,Southampton,26-173,1996,10,7,716,8.0,0,0,0,0,0,0,1,0,0.3,0.3,0.0,0.3,2,23,0,0.00,0.00,0.00,0.00,0.00,0.04,0.00,0.04,0.04,0.04,Matches,94f8d10c
74,Dominic Calvert-Lewin,eng ENG,FW,Everton,25-358,1997,11,9,731,8.1,1,0,1,1,0,0,1,0,2.9,2.9,0.3,3.3,11,8,30,0.12,0.00,0.12,0.12,0.12,0.36,0.04,0.40,0.36,0.40,Matches,59e6e5bf
75,Chem Campbell,wls WAL,FWMF,Wolves,20-069,2002,5,0,74,0.8,0,0,0,0,0,0,0,0,0.1,0.1,0.0,0.1,2,4,10,0.00,0.00,0.00,0.00,0.00,0.12,0.00,0.12,0.12,0.12,Matches,6f711f67
76,João Cancelo,pt POR,DF,Manchester City,28-286,1994,17,16,1274,14.2,2,1,3,2,0,0,3,1,0.8,0.8,0.9,1.7,71,106,125,0.14,0.07,0.21,0.14,0.21,0.06,0.06,0.12,0.06,0.12,Matches,bd6351cd
77,Thomas Cannon,ie IRL,FW,Everton,20-071,2002,2,0,25,0.3,0,0,0,0,0,0,0,0,0.1,0.1,0.5,0.6,1,0,2,0.00,0.00,0.00,0.00,0.00,0.32,1.95,2.27,0.32,2.27,Matches,4506aec5
78,Sergi Canós,es ESP,FWDF,Brentford,26-035,1997,5,0,77,0.9,0,0,0,0,0,0,0,0,0.1,0.1,0.0,0.1,4,2,7,0.00,0.00,0.00,0.00,0.00,0.09,0.03,0.11,0.09,0.11,Matches,1137759d
79,Diego Carlos,br BRA,DF,Aston Villa,29-359,1993,2,2,179,2.0,0,0,0,0,0,0,0,0,0.4,0.4,0.0,0.4,0,10,0,0.00,0.00,0.00,0.00,0.00,0.18,0.00,0.18,0.18,0.18,Matches,b4a014b1
80,Fabio Carvalho,pt POR,MFFW,Liverpool,20-191,2002,11,4,337,3.7,2,0,2,2,0,0,0,0,1.1,1.1,0.1,1.2,7,11,24,0.53,0.00,0.53,0.53,0.53,0.30,0.03,0.32,0.30,0.32,Matches,966e28d0
81,Casemiro,br BRA,MF,Manchester Utd,31-014,1992,18,14,1305,14.5,2,3,5,2,0,0,5,1,2.1,2.1,2.0,4.1,8,86,24,0.14,0.21,0.34,0.14,0.34,0.14,0.14,0.28,0.14,0.28,Matches,4d224fe8
82,Matty Cash,pl POL,DF,Aston Villa,25-214,1997,21,16,1470,16.3,0,1,1,0,0,0,3,0,0.2,0.2,0.7,0.9,38,69,55,0.00,0.06,0.06,0.00,0.06,0.01,0.04,0.06,0.01,0.06,Matches,2389cdc2
83,Timothy Castagne,be BEL,DF,Leicester City,27-094,1995,24,23,2085,23.2,1,2,3,1,0,0,2,0,1.7,1.7,1.5,3.2,31,70,105,0.04,0.09,0.13,0.04,0.13,0.07,0.06,0.14,0.07,0.14,Matches,197640fd
84,Jonny Castro,es ESP,DF,Wolves,29-006,1994,16,12,1110,12.3,0,0,0,0,0,0,3,0,0.3,0.3,0.4,0.7,23,62,39,0.00,0.00,0.00,0.00,0.00,0.02,0.04,0.06,0.02,0.06,Matches,e28868f3
85,Julio César Enciso,py PAR,FWMF,Brighton,19-045,2004,6,0,139,1.5,0,0,0,0,0,0,1,0,0.6,0.6,0.1,0.7,6,5,9,0.00,0.00,0.00,0.00,0.00,0.41,0.07,0.48,0.41,0.48,Matches,9cfbad36
86,Nathaniel Chalobah,eng ENG,MF,Fulham,28-087,1994,4,1,12,0.1,0,0,0,0,0,0,0,1,0.1,0.1,0.0,0.1,0,0,0,0.00,0.00,0.00,0.00,0.00,0.71,0.00,0.71,0.71,0.71,Matches,422862ea
87,Trevoh Chalobah,eng ENG,DF,Chelsea,23-247,1999,14,11,985,10.9,0,0,0,0,0,0,3,0,0.4,0.4,0.1,0.5,8,32,8,0.00,0.00,0.00,0.00,0.00,0.04,0.01,0.04,0.04,0.04,Matches,5515376c
88,Calum Chambers,eng ENG,DFMF,Aston Villa,28-048,1995,6,2,231,2.6,0,0,0,0,0,0,1,0,0.0,0.0,0.0,0.0,3,10,0,0.00,0.00,0.00,0.00,0.00,0.01,0.00,0.01,0.01,0.01,Matches,dc6f5bdd
89,Ben Chilwell,eng ENG,DFMF,Chelsea,26-078,1996,14,7,713,7.9,1,2,3,1,0,0,1,0,0.9,0.9,0.6,1.4,23,23,69,0.13,0.25,0.38,0.13,0.38,0.11,0.07,0.18,0.11,0.18,Matches,d2424d1b
90,Ryan Christie,sct SCO,MFFW,Bournemouth,28-015,1995,20,12,1045,11.6,1,0,1,1,0,0,1,0,1.6,1.6,1.0,2.6,21,46,38,0.09,0.00,0.09,0.09,0.09,0.13,0.09,0.22,0.13,0.22,Matches,26ce2263
91,Carney Chukwuemeka,eng ENG,MFFW,Chelsea,19-140,2003,9,1,218,2.4,0,0,0,0,0,0,0,0,0.3,0.3,0.1,0.4,13,11,13,0.00,0.00,0.00,0.00,0.00,0.12,0.05,0.17,0.12,0.17,Matches,b2f9c73e
92,Bobby Clark,eng ENG,MF,Liverpool,18-030,2005,1,0,8,0.1,0,0,0,0,0,0,0,0,0.0,0.0,0.0,0.0,0,1,2,0.00,0.00,0.00,0.00,0.00,0.00,0.00,0.00,0.00,0.00,Matches,73341ace
93,Nathaniel Clyne,eng ENG,DF,Crystal Palace,31-338,1991,19,17,1476,16.4,0,0,0,0,0,0,3,0,0.0,0.0,0.4,0.4,14,50,25,0.00,0.00,0.00,0.00,0.00,0.00,0.03,0.03,0.00,0.03,Matches,0442183b
94,Conor Coady,eng ENG,DF,Everton,30-012,1993,22,22,1970,21.9,1,1,2,1,0,0,2,0,0.8,0.8,0.3,1.2,4,39,1,0.05,0.05,0.09,0.05,0.09,0.04,0.01,0.05,0.04,0.05,Matches,2928dca2
95,Jack Colback,eng ENG,MF,Nott'ham Forest,33-136,1989,11,4,497,5.5,0,0,0,0,0,0,0,0,0.0,0.0,0.2,0.2,5,17,3,0.00,0.00,0.00,0.00,0.00,0.00,0.03,0.03,0.00,0.03,Matches,963a9201
96,Séamus Coleman,ie IRL,DF,Everton,34-149,1988,18,15,1277,14.2,1,0,1,1,0,0,0,0,0.3,0.3,0.3,0.6,11,45,25,0.07,0.00,0.07,0.07,0.07,0.02,0.02,0.04,0.02,0.04,Matches,0420d84f
97,Nathan Collins,ie IRL,DF,Wolves,21-313,2001,18,17,1517,16.9,0,0,0,0,0,0,2,1,0.0,0.0,0.1,0.1,9,53,3,0.00,0.00,0.00,0.00,0.00,0.00,0.00,0.01,0.00,0.01,Matches,a8c19eb8
98,Levi Colwill,eng ENG,DF,Brighton,20-011,2003,7,5,463,5.1,0,0,0,0,0,0,0,0,0.2,0.2,0.1,0.3,6,20,1,0.00,0.00,0.00,0.00,0.00,0.03,0.03,0.06,0.03,0.06,Matches,700783e7
99,Lewis Cook,eng ENG,MF,Bournemouth,26-034,1997,20,17,1506,16.7,0,2,2,0,0,0,2,0,0.2,0.2,2.2,2.4,9,54,8,0.00,0.12,0.12,0.00,0.12,0.01,0.13,0.14,0.01,0.14,Matches,2afc7272
100,Steve Cook,eng ENG,DF,Nott'ham Forest,31-324,1991,12,11,957,10.6,0,0,0,0,0,0,4,0,0.1,0.1,0.6,0.7,1,19,0,0.00,0.00,0.00,0.00,0.00,0.01,0.05,0.07,0.01,0.07,Matches,3e5e4e63
101,Liam Cooper,sct SCO,DF,Leeds United,31-191,1991,13,12,1106,12.3,1,0,1,1,0,0,2,0,1.0,1.0,0.5,1.5,1,26,1,0.08,0.00,0.08,0.08,0.08,0.08,0.04,0.12,0.08,0.12,Matches,dc64b8b3
102,Maxwel Cornet,ci CIV,FW,West Ham,26-163,1996,5,1,91,1.0,0,0,0,0,0,0,0,0,0.5,0.5,0.0,0.5,2,2,15,0.00,0.00,0.00,0.00,0.00,0.53,0.00,0.53,0.53,0.53,Matches,beb391dd
103,Diego Costa,es ESP,FW,Wolves,34-153,1988,14,9,711,7.9,0,0,0,0,0,0,2,1,2.2,2.2,0.3,2.5,10,4,35,0.00,0.00,0.00,0.00,0.00,0.28,0.04,0.32,0.28,0.32,Matches,a190d597
104,Vladimír Coufal,cz CZE,DF,West Ham,30-199,1992,18,16,1426,15.8,0,0,0,0,0,0,4,0,0.3,0.3,1.6,1.9,43,73,79,0.00,0.00,0.00,0.00,0.00,0.02,0.10,0.12,0.02,0.12,Matches,fdf3cb77
105,Philippe Coutinho,br BRA,MFFW,Aston Villa,30-270,1992,20,7,788,8.8,1,0,1,1,0,0,3,0,1.4,1.4,0.5,1.8,18,48,68,0.11,0.00,0.11,0.11,0.11,0.16,0.05,0.21,0.16,0.21,Matches,0ef89a37
106,Conor Coventry,ie IRL,MFFW,West Ham,22-349,2000,1,0,1,0.0,0,0,0,0,0,0,0,0,0.0,0.0,0.0,0.0,0,0,0,0.00,0.00,0.00,0.00,0.00,0.00,0.00,0.00,0.00,0.00,Matches,a5ca9127
107,Aaron Cresswell,eng ENG,DF,West Ham,33-084,1989,19,17,1578,17.5,0,0,0,0,0,0,2,0,0.3,0.3,2.6,2.9,27,123,69,0.00,0.00,0.00,0.00,0.00,0.02,0.15,0.17,0.02,0.17,Matches,4f974391
108,Marc Cucurella,es ESP,DF,Chelsea,24-230,1998,20,17,1345,14.9,0,2,2,0,0,0,2,0,0.4,0.4,0.4,0.8,23,53,56,0.00,0.13,0.13,0.00,0.13,0.03,0.03,0.05,0.03,0.05,Matches,1daec722
109,Matheus Cunha,br BRA,FW,Wolves,23-286,1999,8,5,402,4.5,0,0,0,0,0,0,0,0,1.0,1.0,0.5,1.5,5,6,21,0.00,0.00,0.00,0.00,0.00,0.23,0.11,0.34,0.23,0.34,Matches,dc62b55d
110,Patson Daka,zm ZAM,FW,Leicester City,24-151,1998,18,9,720,8.0,3,3,6,3,0,0,2,0,2.4,2.4,2.3,4.7,11,11,48,0.37,0.37,0.75,0.37,0.75,0.30,0.29,0.59,0.30,0.59,Matches,ca45605e
111,Diogo Dalot,pt POR,DF,Manchester Utd,23-356,1999,18,17,1520,16.9,0,2,2,0,0,0,5,0,1.7,1.7,1.6,3.3,37,59,58,0.00,0.12,0.12,0.00,0.12,0.10,0.10,0.20,0.10,0.20,Matches,d9565625
112,Mikkel Damsgaard,dk DEN,MFFW,Brentford,22-249,2000,13,2,388,4.3,0,0,0,0,0,0,2,0,0.5,0.5,0.8,1.3,5,17,22,0.00,0.00,0.00,0.00,0.00,0.11,0.18,0.30,0.11,0.30,Matches,215f3907
113,Danilo,br BRA,MF,Nott'ham Forest,21-314,2001,3,2,148,1.6,0,0,0,0,0,0,1,0,0.0,0.0,0.1,0.1,0,4,2,0.00,0.00,0.00,0.00,0.00,0.02,0.06,0.07,0.02,0.07,Matches,a816dbfb
114,Arnaut Danjuma,nl NED,FW,Tottenham,26-037,1997,1,0,12,0.1,0,0,0,0,0,0,0,0,0.0,0.0,0.0,0.0,3,0,5,0.00,0.00,0.00,0.00,0.00,0.00,0.29,0.29,0.00,0.29,Matches,f08490a6
115,Josh Dasilva,eng ENG,MF,Brentford,24-137,1998,24,12,1062,11.8,3,2,5,3,0,0,1,0,0.9,0.9,1.4,2.3,46,48,43,0.25,0.17,0.42,0.25,0.42,0.08,0.11,0.20,0.08,0.20,Matches,60344e4f
116,Ben Davies,wls WAL,DF,Tottenham,29-319,1993,23,19,1705,18.9,2,2,4,2,0,0,3,0,0.9,0.9,2.1,3.0,32,90,46,0.11,0.11,0.21,0.11,0.21,0.05,0.11,0.16,0.05,0.16,Matches,44781702
117,Tom Davies,eng ENG,MF,Everton,24-252,1998,15,4,466,5.2,0,0,0,0,0,0,3,0,1.2,1.2,0.1,1.4,2,25,10,0.00,0.00,0.00,0.00,0.00,0.23,0.03,0.26,0.23,0.26,Matches,9228b07c
118,Craig Dawson,eng ENG,DF,West Ham,32-307,1990,8,8,720,8.0,0,0,0,0,0,0,2,0,0.5,0.5,0.1,0.6,0,18,1,0.00,0.00,0.00,0.00,0.00,0.06,0.01,0.07,0.06,0.07,Matches,3e9e06cb
119,Craig Dawson,eng ENG,DF,Wolves,32-307,1990,6,6,540,6.0,1,0,1,1,0,0,1,0,0.4,0.4,0.0,0.4,1,9,1,0.17,0.00,0.17,0.17,0.17,0.07,0.00,0.07,0.07,0.07,Matches,3e9e06cb
120,Kevin De Bruyne,be BEL,MF,Manchester City,31-254,1991,24,22,1926,21.4,4,12,16,4,0,0,1,0,4.1,4.1,10.4,14.5,86,187,186,0.19,0.56,0.75,0.19,0.75,0.19,0.49,0.68,0.19,0.68,Matches,e46012d4
121,Siriki Dembélé,ci CIV,FWMF,Bournemouth,26-183,1996,6,0,110,1.2,0,0,0,0,0,0,0,0,0.2,0.2,0.3,0.5,5,4,11,0.00,0.00,0.00,0.00,0.00,0.15,0.25,0.41,0.15,0.41,Matches,11f54bd5
122,Leander Dendoncker,be BEL,MF,Aston Villa,27-328,1995,13,3,365,4.1,0,0,0,0,0,0,0,0,0.0,0.0,0.5,0.5,1,10,1,0.00,0.00,0.00,0.00,0.00,0.01,0.11,0.12,0.01,0.12,Matches,5a7301ae
123,Leander Dendoncker,be BEL,MF,Wolves,27-328,1995,4,2,214,2.4,0,0,0,0,0,0,0,0,0.7,0.7,0.0,0.7,1,6,3,0.00,0.00,0.00,0.00,0.00,0.27,0.02,0.29,0.27,0.29,Matches,5a7301ae
124,Emmanuel Dennis,ng NGA,FW,Nott'ham Forest,25-114,1997,12,3,428,4.8,1,1,2,1,0,0,2,0,0.9,0.9,0.3,1.3,11,10,34,0.21,0.21,0.42,0.21,0.42,0.19,0.07,0.26,0.19,0.26,Matches,2c44a35d
125,Halil Dervişoğlu,tr TUR,MF,Brentford,23-091,1999,1,0,8,0.1,0,0,0,0,0,0,0,0,0.0,0.0,0.0,0.0,0,0,0,0.00,0.00,0.00,0.00,0.00,0.31,0.00,0.31,0.31,0.31,Matches,9d8cf204
126,Kiernan Dewsbury-Hall,eng ENG,MF,Leicester City,24-184,1998,23,22,1776,19.7,2,2,4,2,0,0,2,0,1.6,1.6,2.5,4.1,54,107,70,0.10,0.10,0.20,0.10,0.20,0.08,0.13,0.21,0.08,0.21,Matches,5c74c0f5
127,Ibrahima Diallo,fr FRA,MF,Southampton,24-001,1999,15,10,746,8.3,0,0,0,0,0,0,3,0,0.2,0.2,0.1,0.3,5,23,6,0.00,0.00,0.00,0.00,0.00,0.02,0.01,0.03,0.02,0.03,Matches,11ff3d56
128,Rúben Dias,pt POR,DF,Manchester City,25-299,1997,18,14,1279,14.2,0,0,0,0,0,0,1,0,1.2,1.2,0.1,1.3,7,68,1,0.00,0.00,0.00,0.00,0.00,0.08,0.01,0.09,0.08,0.09,Matches,31c69ef1
129,Luis Díaz,co COL,FW,Liverpool,26-055,1997,8,7,613,6.8,3,2,5,3,0,0,2,0,1.7,1.7,1.0,2.7,21,25,72,0.44,0.29,0.73,0.44,0.73,0.26,0.15,0.40,0.26,0.40,Matches,4a1a9578
130,Eric Dier,eng ENG,DF,Tottenham,29-053,1994,24,23,2095,23.3,2,1,3,2,0,0,2,0,1.1,1.1,1.2,2.3,6,71,11,0.09,0.04,0.13,0.09,0.13,0.05,0.05,0.10,0.05,0.10,Matches,ac861941
131,Lucas Digne,fr FRA,DF,Aston Villa,29-232,1993,19,16,1264,14.0,1,0,1,1,0,0,3,0,0.3,0.3,1.6,1.9,23,51,74,0.07,0.00,0.07,0.07,0.07,0.02,0.11,0.13,0.02,0.13,Matches,1b84dbe1
132,Issa Diop,fr FRA,DF,Fulham,26-059,1997,18,15,1416,15.7,1,0,1,1,0,0,2,0,0.3,0.3,0.0,0.3,8,53,3,0.06,0.00,0.06,0.06,0.06,0.02,0.00,0.02,0.02,0.02,Matches,a712ca2b
133,Moussa Djenepo,ml MLI,DFFW,Southampton,24-267,1998,12,6,578,6.4,0,1,1,0,0,0,0,0,0.2,0.2,0.3,0.4,23,17,32,0.00,0.16,0.16,0.00,0.16,0.03,0.04,0.07,0.03,0.07,Matches,254147d4
134,Ben Doak,sct SCO,FW,Liverpool,17-118,2005,2,0,26,0.3,0,0,0,0,0,0,0,0,0.0,0.0,0.0,0.0,1,1,4,0.00,0.00,0.00,0.00,0.00,0.00,0.00,0.00,0.00,0.00,Matches,733f1a7d
135,Matt Doherty,ie IRL,DFMF,Tottenham,31-052,1992,12,7,667,7.4,1,0,1,1,0,0,0,0,0.8,0.8,0.3,1.0,16,20,57,0.13,0.00,0.13,0.13,0.13,0.10,0.04,0.14,0.10,0.14,Matches,d557d734
136,Gabriel Dos Santos,br BRA,DF,Arsenal,25-080,1997,26,26,2340,26.0,2,0,2,2,0,0,4,0,3.5,3.5,0.2,3.6,12,111,11,0.08,0.00,0.08,0.08,0.08,0.13,0.01,0.14,0.13,0.14,Matches,67ac5bb8
137,Abdoulaye Doucouré,ml MLI,MF,Everton,30-067,1993,16,8,756,8.4,1,0,1,1,0,0,4,0,1.0,1.0,0.8,1.8,11,23,26,0.12,0.00,0.12,0.12,0.12,0.12,0.10,0.22,0.12,0.22,Matches,02b29014
138,Cheick Doucouré,ml MLI,MF,Crystal Palace,23-060,2000,23,23,1888,21.0,0,2,2,0,0,0,9,1,0.8,0.8,1.6,2.4,13,98,10,0.00,0.10,0.10,0.00,0.10,0.04,0.08,0.11,0.04,0.11,Matches,ce4f40c7
139,Flynn Downes,eng ENG,MF,West Ham,24-048,1999,12,4,397,4.4,0,0,0,0,0,0,0,0,0.2,0.2,0.0,0.3,1,7,8,0.00,0.00,0.00,0.00,0.00,0.06,0.01,0.07,0.06,0.07,Matches,69fdb896
140,Cody Drameh,eng ENG,DF,Leeds United,21-091,2001,1,1,69,0.8,0,0,0,0,0,0,0,0,0.0,0.0,0.0,0.0,0,2,3,0.00,0.00,0.00,0.00,0.00,0.00,0.00,0.00,0.00,0.00,Matches,e0d1510a
141,Martin Dúbravka,sk SVK,GK,Newcastle Utd,34-053,1989,1,0,67,0.7,0,0,0,0,0,0,0,0,0.0,0.0,0.0,0.0,0,0,0,0.00,0.00,0.00,0.00,0.00,0.00,0.00,0.00,0.00,0.00,Matches,3a949a25
142,Shane Duffy,ie IRL,FWDF,Fulham,31-067,1992,4,0,6,0.1,0,0,0,0,0,0,0,0,0.0,0.0,0.0,0.0,0,0,0,0.00,0.00,0.00,0.00,0.00,0.00,0.00,0.00,0.00,0.00,Matches,7314bba4
143,Lewis Dunk,eng ENG,DF,Brighton,31-108,1991,23,23,2069,23.0,0,0,0,0,0,0,2,0,1.0,1.0,0.3,1.3,11,90,1,0.00,0.00,0.00,0.00,0.00,0.04,0.01,0.06,0.04,0.06,Matches,282f75f3
144,Jhon Durán,co COL,FW,Aston Villa,19-086,2003,4,0,59,0.7,0,0,0,0,0,0,0,0,0.1,0.1,0.0,0.1,2,3,8,0.00,0.00,0.00,0.00,0.00,0.18,0.00,0.18,0.18,0.18,Matches,414184f7
145,Malcolm Ebiowei,eng ENG,MFFW,Crystal Palace,19-186,2003,3,0,34,0.4,0,0,0,0,0,0,0,0,0.0,0.0,0.0,0.0,2,2,9,0.00,0.00,0.00,0.00,0.00,0.00,0.00,0.00,0.00,0.00,Matches,fa9fa773
146,Ederson,br BRA,GK,Manchester City,29-204,1993,26,26,2340,26.0,0,1,1,0,0,0,2,0,0.0,0.0,0.2,0.2,0,0,0,0.00,0.04,0.04,0.00,0.04,0.00,0.01,0.01,0.00,0.01,Matches,3bb7b8b4
147,Odsonne Édouard,fr FRA,FW,Crystal Palace,25-052,1998,22,12,1124,12.5,3,2,5,3,0,0,3,0,2.8,2.8,0.9,3.7,20,29,61,0.24,0.16,0.40,0.24,0.40,0.23,0.07,0.30,0.23,0.30,Matches,0562b7f1
148,Samuel Edozie,eng ENG,FWMF,Southampton,20-040,2003,15,5,541,6.0,0,0,0,0,0,0,0,0,0.9,0.9,0.3,1.2,22,11,34,0.00,0.00,0.00,0.00,0.00,0.15,0.06,0.20,0.15,0.20,Matches,007414dd
149,Anthony Elanga,se SWE,FW,Manchester Utd,20-316,2002,16,5,426,4.7,0,1,1,0,0,0,0,0,0.7,0.7,0.9,1.6,12,8,28,0.00,0.21,0.21,0.00,0.21,0.15,0.19,0.34,0.15,0.34,Matches,2fba6108
150,Harvey Elliott,eng ENG,MFFW,Liverpool,19-339,2003,25,15,1383,15.4,1,2,3,1,0,0,1,0,1.7,1.7,3.2,4.9,45,109,112,0.07,0.13,0.20,0.07,0.20,0.11,0.21,0.32,0.11,0.32,Matches,c8387671
151,Mohamed Elneny,eg EGY,MF,Arsenal,30-241,1992,5,1,113,1.3,0,0,0,0,0,0,0,0,0.0,0.0,0.0,0.0,1,2,1,0.00,0.00,0.00,0.00,0.00,0.00,0.00,0.00,0.00,0.00,Matches,47a34c4f
152,Mohamed Elyounoussi,no NOR,MFFW,Southampton,28-217,1994,23,19,1608,17.9,0,1,1,0,0,0,3,0,2.6,2.6,2.0,4.5,34,33,77,0.00,0.06,0.06,0.00,0.06,0.14,0.11,0.25,0.14,0.25,Matches,68dc0dac
153,Emerson,br BRA,DF,Tottenham,24-054,1999,21,16,1386,15.4,2,1,3,2,0,0,2,1,1.5,1.5,0.6,2.2,43,70,95,0.13,0.06,0.19,0.13,0.19,0.10,0.04,0.14,0.10,0.14,Matches,df8b52a5
154,Christian Eriksen,dk DEN,MF,Manchester Utd,31-023,1992,19,18,1489,16.5,1,7,8,1,0,0,3,0,2.7,2.7,3.0,5.7,16,104,42,0.06,0.42,0.48,0.06,0.48,0.16,0.18,0.34,0.16,0.34,Matches,980522ec
155,Pervis Estupiñán,ec ECU,DF,Brighton,25-047,1998,20,17,1397,15.5,0,3,3,0,0,0,3,0,0.3,0.3,2.7,3.1,53,87,103,0.00,0.19,0.19,0.00,0.19,0.02,0.18,0.20,0.02,0.20,Matches,d38fdf53
156,Jonny Evans,nir NIR,DF,Leicester City,35-065,1988,9,9,810,9.0,0,0,0,0,0,0,0,0,0.2,0.2,0.0,0.2,6,31,0,0.00,0.00,0.00,0.00,0.00,0.02,0.00,0.02,0.02,0.02,Matches,f8fcd2a5
157,Eberechi Eze,eng ENG,MFFW,Crystal Palace,24-253,1998,25,20,1671,18.6,4,3,7,4,0,0,2,0,3.2,3.2,2.8,5.9,42,71,66,0.22,0.16,0.38,0.22,0.38,0.17,0.15,0.32,0.17,0.32,Matches,ae4fc6a4
158,Łukasz Fabiański,pl POL,GK,West Ham,37-325,1985,24,24,2031,22.6,0,0,0,0,0,0,0,0,0.0,0.0,0.0,0.0,0,0,0,0.00,0.00,0.00,0.00,0.00,0.00,0.00,0.00,0.00,0.00,Matches,9328b835
159,Fabinho,br BRA,MF,Liverpool,29-137,1993,23,18,1621,18.0,0,0,0,0,0,0,6,0,0.3,0.3,0.8,1.1,9,96,20,0.00,0.00,0.00,0.00,0.00,0.02,0.04,0.06,0.02,0.06,Matches,7f3b388c
160,Wout Faes,be BEL,DF,Leicester City,24-340,1998,19,19,1710,19.0,0,0,0,0,0,0,3,0,0.5,0.5,0.4,0.9,5,52,1,0.00,0.00,0.00,0.00,0.00,0.02,0.02,0.04,0.02,0.04,Matches,9c221d14
161,Felipe,br BRA,DF,Nott'ham Forest,33-297,1989,4,3,354,3.9,0,0,0,0,0,0,1,0,0.1,0.1,0.0,0.1,2,6,0,0.00,0.00,0.00,0.00,0.00,0.02,0.00,0.02,0.02,0.02,Matches,51a3c4c8
162,João Félix,pt POR,MFFW,Chelsea,23-119,1999,5,5,386,4.3,1,0,1,1,0,0,0,1,2.0,2.0,0.4,2.4,13,25,36,0.23,0.00,0.23,0.23,0.23,0.47,0.10,0.57,0.47,0.57,Matches,8aafd64f
163,Evan Ferguson,ie IRL,FW,Brighton,18-141,2004,8,4,387,4.3,3,2,5,3,0,0,1,0,1.9,1.9,0.3,2.2,4,5,24,0.70,0.47,1.16,0.70,1.16,0.45,0.06,0.51,0.45,0.51,Matches,4596da74
164,Bruno Fernandes,pt POR,MFFW,Manchester Utd,28-182,1994,24,24,2158,24.0,5,6,11,4,1,1,5,0,5.2,4.4,9.4,13.9,51,157,144,0.21,0.25,0.46,0.17,0.42,0.22,0.39,0.61,0.19,0.58,Matches,507c7bdf
165,Enzo Fernández,ar ARG,MF,Chelsea,22-051,2001,5,5,443,4.9,0,1,1,0,0,0,0,0,0.3,0.3,0.6,0.9,8,52,6,0.00,0.20,0.20,0.00,0.20,0.07,0.12,0.19,0.07,0.19,Matches,5ff4ab71
166,Mateo Fernández,es ESP,FWMF,Leeds United,19-141,2003,3,0,26,0.3,0,0,0,0,0,0,0,0,0.1,0.1,0.0,0.1,0,0,2,0.00,0.00,0.00,0.00,0.00,0.40,0.00,0.40,0.40,0.40,Matches,6ad43f9a
167,Roberto Firmino,br BRA,FWMF,Liverpool,31-158,1991,18,11,1006,11.2,8,4,12,8,0,0,0,0,4.5,4.5,2.3,6.8,12,66,77,0.72,0.36,1.07,0.72,1.07,0.40,0.21,0.61,0.40,0.61,Matches,4c370d81
168,Junior Firpo,es ESP,DF,Leeds United,26-199,1996,9,5,569,6.3,1,0,1,1,0,0,2,0,0.1,0.1,0.4,0.4,12,29,17,0.16,0.00,0.16,0.16,0.16,0.01,0.06,0.07,0.01,0.07,Matches,24f59bb2
169,Phil Foden,eng ENG,FW,Manchester City,22-285,2000,23,16,1349,15.0,9,5,14,9,0,0,1,0,4.6,4.6,3.0,7.5,37,62,216,0.60,0.33,0.93,0.60,0.93,0.30,0.20,0.50,0.30,0.50,Matches,ed1e53f3
170,Datro Fofana,ci CIV,FW,Chelsea,20-077,2002,2,1,61,0.7,0,0,0,0,0,0,0,0,0.2,0.2,0.1,0.3,1,1,10,0.00,0.00,0.00,0.00,0.00,0.35,0.09,0.45,0.35,0.45,Matches,e82900ef
171,Wesley Fofana,fr FRA,DF,Leicester City,22-082,2000,2,2,180,2.0,0,0,0,0,0,0,1,0,0.1,0.1,0.0,0.1,3,6,1,0.00,0.00,0.00,0.00,0.00,0.06,0.00,0.06,0.06,0.06,Matches,132a82f1
172,Wesley Fofana,fr FRA,DF,Chelsea,22-082,2000,5,3,387,4.3,1,0,1,1,0,0,1,0,0.3,0.3,0.0,0.3,13,20,7,0.23,0.00,0.23,0.23,0.23,0.06,0.00,0.06,0.06,0.06,Matches,132a82f1
173,Pablo Fornals,es ESP,FWMF,West Ham,27-015,1996,21,11,1023,11.4,1,1,2,1,0,0,0,0,0.8,0.8,1.4,2.2,20,51,68,0.09,0.09,0.18,0.09,0.18,0.07,0.12,0.19,0.07,0.19,Matches,82927de4
174,Adam Forshaw,eng ENG,MF,Leeds United,31-152,1991,5,2,159,1.8,0,0,0,0,0,0,0,0,0.0,0.0,0.5,0.5,0,8,0,0.00,0.00,0.00,0.00,0.00,0.00,0.26,0.26,0.00,0.26,Matches,9f1938ab
175,Fraser Forster,eng ENG,GK,Tottenham,34-357,1988,5,5,450,5.0,0,0,0,0,0,0,0,0,0.0,0.0,0.0,0.0,0,0,0,0.00,0.00,0.00,0.00,0.00,0.00,0.00,0.00,0.00,0.00,Matches,c3e39f12
176,Tyrese Francois,au AUS,FW,Fulham,22-236,2000,1,0,1,0.0,0,0,0,0,0,0,0,0,0.0,0.0,0.0,0.0,0,0,1,0.00,0.00,0.00,0.00,0.00,0.00,0.00,0.00,0.00,0.00,Matches,6722d4f0
177,Ryan Fraser,sct SCO,FW,Newcastle Utd,29-013,1994,8,3,313,3.5,0,0,0,0,0,0,1,0,0.3,0.3,0.4,0.7,8,9,23,0.00,0.00,0.00,0.00,0.00,0.09,0.11,0.20,0.09,0.20,Matches,d56543a0
178,Fred,br BRA,MF,Manchester Utd,30-004,1993,22,10,968,10.8,2,1,3,2,0,0,5,0,1.8,1.8,2.1,3.8,7,52,35,0.19,0.09,0.28,0.19,0.28,0.16,0.19,0.36,0.16,0.36,Matches,b853e0ad
179,Ryan Fredericks,eng ENG,DF,Bournemouth,30-150,1992,11,5,522,5.8,0,0,0,0,0,0,1,0,0.0,0.0,0.1,0.1,13,15,28,0.00,0.00,0.00,0.00,0.00,0.00,0.02,0.02,0.00,0.02,Matches,c067631c
180,Remo Freuler,ch SUI,MF,Nott'ham Forest,30-328,1992,21,19,1711,19.0,0,0,0,0,0,0,3,0,0.3,0.3,0.7,1.0,7,46,8,0.00,0.00,0.00,0.00,0.00,0.02,0.03,0.05,0.02,0.05,Matches,98d2c2c4
181,Cody Gakpo,nl NED,FW,Liverpool,23-306,1999,8,7,568,6.3,4,0,4,4,0,0,0,0,3.2,3.2,0.4,3.6,9,16,44,0.63,0.00,0.63,0.63,0.63,0.51,0.06,0.57,0.51,0.57,Matches,1971591f
182,Conor Gallagher,eng ENG,MFFW,Chelsea,23-031,2000,22,10,871,9.7,1,1,2,1,0,0,7,1,1.1,1.1,2.1,3.2,23,56,47,0.10,0.10,0.21,0.10,0.21,0.11,0.21,0.33,0.11,0.33,Matches,c2731c10
183,Idrissa Gana Gueye,sn SEN,MF,Everton,33-164,1989,21,20,1626,18.1,0,1,1,0,0,0,3,0,0.1,0.1,0.8,0.9,19,64,11,0.00,0.06,0.06,0.00,0.06,0.00,0.05,0.05,0.00,0.05,Matches,72c812f3
184,Alejandro Garnacho,es ESP,FWMF,Manchester Utd,18-251,2004,14,4,436,4.8,2,2,4,2,0,0,2,0,1.8,1.8,1.0,2.8,26,5,67,0.41,0.41,0.83,0.41,0.83,0.38,0.20,0.58,0.38,0.58,Matches,7aa8adfe
185,James Garner,eng ENG,MF,Everton,21-361,2001,6,0,142,1.6,0,0,0,0,0,0,1,0,0.1,0.1,0.0,0.1,1,5,1,0.00,0.00,0.00,0.00,0.00,0.03,0.00,0.03,0.03,0.03,Matches,4e015693
186,David de Gea,es ESP,GK,Manchester Utd,32-122,1990,25,25,2250,25.0,0,0,0,0,0,0,0,0,0.0,0.0,0.1,0.1,0,0,0,0.00,0.00,0.00,0.00,0.00,0.00,0.00,0.00,0.00,0.00,Matches,7ba6d84e
187,Joe Gelhardt,eng ENG,FW,Leeds United,20-309,2002,15,1,212,2.4,0,2,2,0,0,0,1,0,0.8,0.8,0.5,1.3,2,6,21,0.00,0.85,0.85,0.00,0.85,0.36,0.20,0.55,0.36,0.55,Matches,01962d0d
188,Saman Ghoddos,ir IRN,MFFW,Brentford,29-184,1993,9,0,90,1.0,0,0,0,0,0,0,0,0,0.0,0.0,0.2,0.3,0,5,2,0.00,0.00,0.00,0.00,0.00,0.05,0.23,0.27,0.05,0.27,Matches,f7b1d4e0
189,Morgan Gibbs-White,eng ENG,FWMF,Wolves,23-041,2000,2,2,180,2.0,0,0,0,0,0,0,1,0,0.7,0.7,0.1,0.8,4,12,12,0.00,0.00,0.00,0.00,0.00,0.36,0.04,0.40,0.36,0.40,Matches,32f60ed8
190,Morgan Gibbs-White,eng ENG,MFFW,Nott'ham Forest,23-041,2000,22,21,1826,20.3,2,5,7,2,0,0,2,0,3.5,3.5,5.8,9.3,38,89,115,0.10,0.25,0.35,0.10,0.35,0.17,0.29,0.46,0.17,0.46,Matches,32f60ed8
191,Billy Gilmour,sct SCO,MF,Brighton,21-271,2001,7,2,163,1.8,0,0,0,0,0,0,1,0,0.2,0.2,0.1,0.3,3,17,3,0.00,0.00,0.00,0.00,0.00,0.12,0.05,0.17,0.12,0.17,Matches,df10e27c
192,Degnand Gnonto,it ITA,FWMF,Leeds United,19-124,2003,14,11,979,10.9,2,1,3,2,0,0,4,0,1.4,1.4,1.4,2.8,50,21,105,0.18,0.09,0.28,0.18,0.28,0.13,0.13,0.26,0.13,0.26,Matches,75fdd638
193,Ben Godfrey,eng ENG,DF,Everton,25-053,1998,6,4,331,3.7,0,0,0,0,0,0,2,0,1.1,1.1,0.1,1.2,3,6,1,0.00,0.00,0.00,0.00,0.00,0.30,0.04,0.33,0.30,0.33,Matches,9f7c837d
194,João Gomes,br BRA,MFFW,Wolves,22-025,2001,3,0,69,0.8,1,0,1,1,0,0,1,0,0.2,0.2,0.0,0.2,2,1,1,1.30,0.00,1.30,1.30,1.30,0.28,0.00,0.28,0.28,0.28,Matches,8b57ad2c
195,Toti Gomes,pt POR,DF,Wolves,24-052,1999,7,3,310,3.4,0,0,0,0,0,0,2,0,0.0,0.0,0.1,0.1,0,7,2,0.00,0.00,0.00,0.00,0.00,0.00,0.02,0.02,0.00,0.02,Matches,f0caab96
196,Joe Gomez,eng ENG,DF,Liverpool,25-290,1997,19,13,1286,14.3,0,0,0,0,0,0,3,0,0.1,0.1,0.2,0.3,13,95,2,0.00,0.00,0.00,0.00,0.00,0.01,0.01,0.02,0.01,0.02,Matches,7a11550b
197,Sergio Gómez,es ESP,DFMF,Manchester City,22-186,2000,6,0,147,1.6,0,1,1,0,0,0,0,0,0.3,0.3,0.4,0.7,3,10,14,0.00,0.61,0.61,0.00,0.61,0.17,0.25,0.41,0.17,0.41,Matches,01e5f06e
198,Anthony Gordon,eng ENG,FWMF,Newcastle Utd,22-013,2001,4,1,165,1.8,0,0,0,0,0,0,1,0,0.3,0.3,0.6,0.9,6,5,15,0.00,0.00,0.00,0.00,0.00,0.17,0.33,0.50,0.17,0.50,Matches,2bd83368
199,Anthony Gordon,eng ENG,FW,Everton,22-013,2001,16,12,1095,12.2,3,0,3,3,0,0,6,0,3.3,3.3,0.6,3.9,28,19,67,0.25,0.00,0.25,0.25,0.25,0.27,0.05,0.32,0.27,0.32,Matches,2bd83368
200,Demarai Gray,eng ENG,FWMF,Everton,26-254,1996,24,20,1848,20.5,4,1,5,2,2,2,2,0,4.9,3.3,2.7,6.1,71,40,139,0.19,0.05,0.24,0.10,0.15,0.24,0.13,0.37,0.16,0.29,Matches,4468ec10
201,Jack Grealish,eng ENG,FW,Manchester City,27-180,1995,20,16,1435,15.9,3,4,7,3,0,0,2,0,3.1,3.1,4.6,7.7,104,57,207,0.19,0.25,0.44,0.19,0.44,0.20,0.29,0.49,0.20,0.49,Matches,b0b4fd3e
202,Sam Greenwood,eng ENG,MFFW,Leeds United,21-042,2002,15,2,339,3.8,1,2,3,1,0,0,1,0,0.6,0.6,1.1,1.7,7,13,7,0.27,0.53,0.80,0.27,0.80,0.17,0.29,0.45,0.17,0.45,Matches,f3354c07
203,Pascal Groß,de GER,MFDF,Brighton,31-267,1991,23,23,2001,22.2,6,4,10,6,0,0,2,0,3.4,3.4,6.7,10.1,36,158,131,0.27,0.18,0.45,0.27,0.45,0.15,0.30,0.45,0.15,0.45,Matches,8aec0537
204,Vicente Guaita,es ESP,GK,Crystal Palace,36-058,1987,25,25,2250,25.0,0,0,0,0,0,0,1,0,0.0,0.0,0.0,0.0,0,1,0,0.00,0.00,0.00,0.00,0.00,0.00,0.00,0.00,0.00,0.00,Matches,ab13a5aa
205,Gonçalo Guedes,pt POR,FWMF,Wolves,26-100,1996,13,8,707,7.9,1,1,2,1,0,0,1,0,1.2,1.2,0.5,1.7,20,16,54,0.13,0.13,0.25,0.13,0.25,0.15,0.06,0.22,0.15,0.22,Matches,e6bc67d7
206,Marc Guéhi,eng ENG,DF,Crystal Palace,22-239,2000,24,24,2160,24.0,0,0,0,0,0,0,7,0,0.6,0.6,0.2,0.8,8,71,2,0.00,0.00,0.00,0.00,0.00,0.03,0.01,0.03,0.03,0.03,Matches,d0706b27
207,Bruno Guimarães,br BRA,MF,Newcastle Utd,25-113,1997,18,18,1487,16.5,3,3,6,3,0,0,4,0,0.9,0.9,1.8,2.7,18,116,12,0.18,0.18,0.36,0.18,0.36,0.05,0.11,0.16,0.05,0.16,Matches,82518f62
208,İlkay Gündoğan,de GER,MF,Manchester City,32-136,1990,23,19,1666,18.5,3,3,6,3,0,0,0,0,5.4,5.4,2.6,8.0,39,123,105,0.16,0.16,0.32,0.16,0.32,0.29,0.14,0.43,0.29,0.43,Matches,819b3158
209,Darko Gyabi,eng ENG,FW,Leeds United,19-019,2004,1,0,8,0.1,0,0,0,0,0,0,0,0,0.1,0.1,0.0,0.1,0,2,0,0.00,0.00,0.00,0.00,0.00,0.72,0.00,0.72,0.72,0.72,Matches,56d838f7
210,Erling Haaland,no NOR,FW,Manchester City,22-231,2000,25,24,2022,22.5,27,5,32,23,4,4,4,0,18.9,15.7,3.9,19.7,23,40,113,1.20,0.22,1.42,1.02,1.25,0.84,0.17,1.02,0.70,0.88,Matches,1f44ac21
211,Lewis Hall,eng ENG,DFMF,Chelsea,18-182,2004,5,4,304,3.4,0,0,0,0,0,0,1,0,0.5,0.5,0.3,0.7,10,9,19,0.00,0.00,0.00,0.00,0.00,0.14,0.08,0.22,0.14,0.22,Matches,da011f18
212,Luke Harris,wls WAL,MFFW,Fulham,17-340,2005,3,0,13,0.1,0,0,0,0,0,0,0,0,0.0,0.0,0.0,0.0,0,1,0,0.00,0.00,0.00,0.00,0.00,0.00,0.00,0.00,0.00,0.00,Matches,8c3078cd
213,Jack Harrison,eng ENG,FWMF,Leeds United,26-109,1996,23,21,1654,18.4,1,5,6,1,0,0,2,0,2.8,2.8,3.2,6.0,66,66,165,0.05,0.27,0.33,0.05,0.33,0.15,0.17,0.33,0.15,0.33,Matches,aa849a12
214,Kai Havertz,de GER,FWMF,Chelsea,23-271,1999,24,21,1798,20.0,5,1,6,5,0,0,4,0,6.5,6.5,2.7,9.2,38,54,149,0.25,0.05,0.30,0.25,0.30,0.33,0.13,0.46,0.33,0.46,Matches,fed7cb61
215,Jan Paul van Hecke,nl NED,DF,Brighton,22-274,2000,2,1,80,0.9,0,0,0,0,0,0,0,0,0.6,0.6,0.0,0.6,3,9,0,0.00,0.00,0.00,0.00,0.00,0.67,0.00,0.67,0.67,0.67,Matches,4fd08daa
216,Hwang Hee-chan,kr KOR,FW,Wolves,27-042,1996,17,9,690,7.7,0,1,1,0,0,0,1,0,0.4,0.4,1.0,1.5,16,19,35,0.00,0.13,0.13,0.00,0.13,0.06,0.13,0.19,0.06,0.19,Matches,169fd162
217,Dean Henderson,eng ENG,GK,Nott'ham Forest,25-362,1997,18,18,1620,18.0,0,0,0,0,0,0,2,0,0.0,0.0,0.0,0.0,0,0,0,0.00,0.00,0.00,0.00,0.00,0.00,0.00,0.00,0.00,0.00,Matches,e5a76dfe
218,Jordan Henderson,eng ENG,MF,Liverpool,32-265,1990,22,14,1235,13.7,0,1,1,0,0,0,2,0,0.7,0.7,1.3,1.9,22,105,31,0.00,0.07,0.07,0.00,0.07,0.05,0.09,0.14,0.05,0.14,Matches,935e6b8f
219,Wayne Hennessey,wls WAL,GK,Nott'ham Forest,36-044,1987,2,2,180,2.0,0,0,0,0,0,0,0,0,0.0,0.0,0.0,0.0,0,0,0,0.00,0.00,0.00,0.00,0.00,0.00,0.00,0.00,0.00,0.00,Matches,76eca7e2
220,Rico Henry,eng ENG,DF,Brentford,25-244,1997,23,23,2050,22.8,0,2,2,0,0,0,0,0,1.1,1.1,1.9,2.9,34,68,74,0.00,0.09,0.09,0.00,0.09,0.05,0.08,0.13,0.05,0.13,Matches,8a3c1dc7
221,Son Heung-min,kr KOR,MFFW,Tottenham,30-244,1992,24,21,1853,20.6,5,3,8,5,0,0,1,0,5.6,5.6,3.8,9.4,62,51,138,0.24,0.15,0.39,0.24,0.39,0.27,0.18,0.46,0.27,0.46,Matches,92e7e919
222,Aaron Hickey,sct SCO,DF,Brentford,20-272,2002,12,11,903,10.0,0,0,0,0,0,0,4,0,0.2,0.2,0.0,0.2,24,44,29,0.00,0.00,0.00,0.00,0.00,0.01,0.00,0.02,0.01,0.02,Matches,1780bb4a
223,Joseph Hodge,ie IRL,MF,Wolves,20-176,2002,5,1,169,1.9,0,0,0,0,0,0,1,0,0.1,0.1,0.1,0.2,1,7,4,0.00,0.00,0.00,0.00,0.00,0.06,0.03,0.09,0.06,0.09,Matches,bd8a5d95
224,Rob Holding,eng ENG,DF,Arsenal,27-170,1995,7,0,20,0.2,0,0,0,0,0,0,0,0,0.0,0.0,0.0,0.0,0,1,0,0.00,0.00,0.00,0.00,0.00,0.00,0.00,0.00,0.00,0.00,Matches,d79a8c87
225,Mason Holgate,eng ENG,DFMF,Everton,26-138,1996,5,3,365,4.1,0,0,0,0,0,0,1,0,0.3,0.3,0.3,0.6,4,10,2,0.00,0.00,0.00,0.00,0.00,0.07,0.07,0.14,0.07,0.14,Matches,d0042ab9
226,Will Hughes,eng ENG,MF,Crystal Palace,27-326,1995,17,3,392,4.4,0,0,0,0,0,0,4,0,0.1,0.1,0.1,0.3,6,16,9,0.00,0.00,0.00,0.00,0.00,0.03,0.03,0.07,0.03,0.07,Matches,a0666d3e
227,Omari Hutchinson,eng ENG,FW,Chelsea,19-130,2003,1,0,23,0.3,0,0,0,0,0,0,0,0,0.0,0.0,0.0,0.0,1,0,1,0.00,0.00,0.00,0.00,0.00,0.00,0.00,0.00,0.00,0.00,Matches,bd9553e6
228,Pierre Højbjerg,dk DEN,MF,Tottenham,27-216,1995,25,25,2231,24.8,4,3,7,4,0,0,2,0,1.6,1.6,2.2,3.8,35,173,57,0.16,0.12,0.28,0.16,0.28,0.06,0.09,0.15,0.06,0.15,Matches,8b04d6c1
229,Kelechi Iheanacho,ng NGA,FWMF,Leicester City,26-157,1996,19,6,668,7.4,3,4,7,3,0,0,0,0,4.2,4.2,2.8,7.0,21,16,63,0.40,0.54,0.94,0.40,0.94,0.56,0.38,0.94,0.56,0.94,Matches,c92e1a31
230,Danny Ings,eng ENG,FW,West Ham,30-229,1992,6,2,245,2.7,2,0,2,2,0,0,0,0,2.0,2.0,0.2,2.2,2,4,15,0.73,0.00,0.73,0.73,0.73,0.75,0.07,0.82,0.75,0.82,Matches,07802f7f
231,Danny Ings,eng ENG,FW,Aston Villa,30-229,1992,18,8,824,9.2,6,0,6,4,2,2,3,0,5.3,3.8,1.2,5.0,15,12,46,0.66,0.00,0.66,0.44,0.44,0.59,0.13,0.71,0.41,0.54,Matches,07802f7f
232,Alexander Isak,se SWE,FWMF,Newcastle Utd,23-169,1999,8,5,466,5.2,3,0,3,2,1,1,0,0,3.7,2.9,0.5,3.4,11,10,36,0.58,0.00,0.58,0.39,0.39,0.71,0.11,0.82,0.56,0.67,Matches,8e92be30
233,Alex Iwobi,ng NGA,MFFW,Everton,26-310,1996,26,26,2299,25.5,1,6,7,1,0,0,2,0,1.6,1.6,3.6,5.2,49,128,99,0.04,0.23,0.27,0.04,0.27,0.06,0.14,0.20,0.06,0.20,Matches,6ca5ec4b
234,Daniel James,wls WAL,FW,Leeds United,25-119,1997,4,2,198,2.2,0,0,0,0,0,0,0,0,0.3,0.3,0.3,0.6,6,3,9,0.00,0.00,0.00,0.00,0.00,0.12,0.15,0.27,0.12,0.27,Matches,c931d9f9
235,Daniel James,wls WAL,FW,Fulham,25-119,1997,12,3,360,4.0,1,0,1,1,0,0,0,0,1.3,1.3,0.3,1.6,15,12,27,0.25,0.00,0.25,0.25,0.25,0.33,0.08,0.41,0.33,0.41,Matches,c931d9f9
236,Reece James,eng ENG,DFMF,Chelsea,23-091,1999,11,10,850,9.4,1,1,2,1,0,0,3,0,0.9,0.9,1.7,2.5,39,59,80,0.11,0.11,0.21,0.11,0.21,0.09,0.17,0.27,0.09,0.27,Matches,1265a93a
237,Vitaly Janelt,de GER,MFDF,Brentford,24-303,1998,24,15,1449,16.1,3,1,4,3,0,0,1,0,2.0,2.0,0.8,2.8,11,53,19,0.19,0.06,0.25,0.19,0.25,0.12,0.05,0.18,0.12,0.18,Matches,8449d35e
238,Pontus Jansson,se SWE,DF,Brentford,32-024,1991,7,6,515,5.7,0,0,0,0,0,0,0,0,0.0,0.0,0.0,0.0,1,13,0,0.00,0.00,0.00,0.00,0.00,0.00,0.00,0.00,0.00,0.00,Matches,172e52d8
239,Mathias Jensen,dk DEN,MF,Brentford,27-067,1996,24,24,1855,20.6,4,4,8,4,0,0,3,0,1.7,1.7,2.5,4.2,16,91,49,0.19,0.19,0.39,0.19,0.39,0.08,0.12,0.20,0.08,0.20,Matches,0f134faf
240,Gabriel Jesus,br BRA,FW,Arsenal,25-340,1997,14,14,1219,13.5,5,5,10,5,0,0,4,0,7.7,7.7,2.8,10.6,30,38,122,0.37,0.37,0.74,0.37,0.74,0.57,0.21,0.78,0.57,0.78,Matches,b66315ae
241,Raúl Jiménez,mx MEX,FW,Wolves,31-308,1991,11,5,563,6.3,0,1,1,0,0,0,0,0,2.0,2.0,1.4,3.4,4,9,37,0.00,0.16,0.16,0.00,0.16,0.31,0.23,0.54,0.31,0.54,Matches,b561db50
242,Joelinton,br BRA,MFFW,Newcastle Utd,26-207,1996,22,21,1850,20.6,2,1,3,2,0,0,10,0,3.4,3.4,1.8,5.2,45,89,105,0.10,0.05,0.15,0.10,0.15,0.17,0.09,0.25,0.17,0.25,Matches,c17bfb65
243,Ben Johnson,eng ENG,DF,West Ham,23-044,2000,13,8,744,8.3,0,0,0,0,0,0,0,0,0.0,0.0,0.2,0.3,12,36,17,0.00,0.00,0.00,0.00,0.00,0.00,0.03,0.03,0.00,0.03,Matches,9319781b
244,Brennan Johnson,wls WAL,FWMF,Nott'ham Forest,21-290,2001,25,23,2061,22.9,7,2,9,6,1,2,4,0,6.7,5.2,2.8,8.0,67,25,119,0.31,0.09,0.39,0.26,0.35,0.29,0.12,0.42,0.23,0.35,Matches,0cd31129
245,Curtis Jones,eng ENG,MFFW,Liverpool,22-038,2001,7,1,195,2.2,0,0,0,0,0,0,1,0,0.2,0.2,0.2,0.4,6,18,16,0.00,0.00,0.00,0.00,0.00,0.08,0.09,0.17,0.08,0.17,Matches,4fb9c88f
246,Jorginho,it ITA,MF,Arsenal,31-079,1991,5,4,347,3.9,0,0,0,0,0,0,0,0,0.1,0.1,0.1,0.2,6,49,5,0.00,0.00,0.00,0.00,0.00,0.03,0.03,0.06,0.03,0.06,Matches,45db685d
247,Jorginho,it ITA,MF,Chelsea,31-079,1991,18,15,1279,14.2,2,0,2,0,2,2,4,0,1.7,0.1,0.4,0.5,13,80,10,0.14,0.00,0.14,0.00,0.00,0.12,0.03,0.14,0.01,0.03,Matches,45db685d
248,Diogo Jota,pt POR,FWMF,Liverpool,26-095,1996,9,4,406,4.5,0,2,2,0,0,0,1,0,2.0,2.0,1.5,3.5,15,15,35,0.00,0.44,0.44,0.00,0.44,0.45,0.32,0.77,0.45,0.77,Matches,178ae8f8
249,Hamed Junior Traorè,ci CIV,FWMF,Bournemouth,23-021,2000,4,4,305,3.4,0,0,0,0,0,0,0,0,0.2,0.2,0.8,1.0,13,17,14,0.00,0.00,0.00,0.00,0.00,0.06,0.22,0.28,0.06,0.28,Matches,570bb4b9
250,James Justin,eng ENG,DF,Leicester City,25-014,1998,14,14,1252,13.9,0,0,0,0,0,0,0,0,0.3,0.3,0.3,0.6,20,47,50,0.00,0.00,0.00,0.00,0.00,0.02,0.02,0.05,0.02,0.05,Matches,fb614c44
251,Mathias Jørgensen,dk DEN,DF,Brentford,32-320,1990,13,8,745,8.3,0,0,0,0,0,0,1,0,0.5,0.5,0.1,0.5,1,22,1,0.00,0.00,0.00,0.00,0.00,0.06,0.01,0.06,0.06,0.06,Matches,0db5d2c8
252,Sasa Kalajdzic,at AUT,FW,Wolves,25-245,1997,1,1,45,0.5,0,0,0,0,0,0,0,0,0.3,0.3,0.0,0.3,0,0,1,0.00,0.00,0.00,0.00,0.00,0.53,0.00,0.53,0.53,0.53,Matches,15f24fe7
253,Boubacar Kamara,fr FRA,MF,Aston Villa,23-106,1999,19,18,1524,16.9,0,1,1,0,0,0,3,0,0.2,0.2,0.8,1.0,14,79,8,0.00,0.06,0.06,0.00,0.06,0.01,0.05,0.06,0.01,0.06,Matches,cc77354e
254,Harry Kane,eng ENG,FW,Tottenham,29-224,1993,26,26,2325,25.8,18,2,20,16,2,3,4,0,13.8,11.4,4.4,15.8,40,128,143,0.70,0.08,0.77,0.62,0.70,0.53,0.17,0.70,0.44,0.61,Matches,21a66f6a
255,N'Golo Kanté,fr FRA,MF,Chelsea,31-345,1991,2,2,174,1.9,0,0,0,0,0,0,0,0,0.1,0.1,0.3,0.4,7,9,7,0.00,0.00,0.00,0.00,0.00,0.05,0.13,0.18,0.05,0.18,Matches,b9fbae28
256,Michael Keane,eng ENG,DF,Everton,30-057,1993,3,2,203,2.3,0,1,1,0,0,0,0,0,0.1,0.1,0.3,0.3,0,4,0,0.00,0.44,0.44,0.00,0.44,0.03,0.12,0.15,0.03,0.15,Matches,c5b7c315
257,Neeskens Kebano,cd COD,FW,Fulham,30-364,1992,12,9,713,7.9,0,3,3,0,0,0,0,0,0.5,0.5,1.4,1.8,37,21,63,0.00,0.38,0.38,0.00,0.38,0.06,0.17,0.23,0.06,0.23,Matches,18b999f4
258,Thilo Kehrer,de GER,DF,West Ham,26-169,1996,18,18,1575,17.5,0,0,0,0,0,0,4,0,0.4,0.4,0.2,0.6,12,39,20,0.00,0.00,0.00,0.00,0.00,0.02,0.01,0.04,0.02,0.04,Matches,51dbeea9
259,Naby Keïta,gn GUI,MF,Liverpool,28-027,1995,8,3,293,3.3,0,0,0,0,0,0,1,0,0.6,0.6,0.7,1.4,5,15,21,0.00,0.00,0.00,0.00,0.00,0.20,0.22,0.42,0.20,0.42,Matches,f25c8e3a
260,Lloyd Kelly,eng ENG,DF,Bournemouth,24-154,1998,10,10,900,10.0,0,2,2,0,0,0,2,0,0.1,0.1,0.1,0.3,4,15,1,0.00,0.20,0.20,0.00,0.20,0.01,0.01,0.03,0.01,0.03,Matches,f31def1e
261,Max Kilman,eng ENG,DF,Wolves,25-290,1997,26,26,2340,26.0,0,0,0,0,0,0,3,0,1.0,1.0,0.0,1.0,21,88,1,0.00,0.00,0.00,0.00,0.00,0.04,0.00,0.04,0.04,0.04,Matches,d0f72bf1
262,Mateusz Klich,pl POL,MFFW,Leeds United,32-269,1990,14,0,280,3.1,0,0,0,0,0,0,2,0,0.2,0.2,0.2,0.4,5,16,21,0.00,0.00,0.00,0.00,0.00,0.05,0.06,0.12,0.05,0.12,Matches,282679b4
263,Robin Koch,de GER,DF,Leeds United,26-235,1996,24,24,2112,23.5,0,0,0,0,0,0,5,0,0.7,0.7,0.1,0.8,9,72,5,0.00,0.00,0.00,0.00,0.00,0.03,0.00,0.03,0.03,0.03,Matches,ea6bc03a
264,Ibrahima Konaté,fr FRA,DF,Liverpool,23-288,1999,7,6,562,6.2,0,0,0,0,0,0,0,0,0.4,0.4,0.0,0.4,4,18,2,0.00,0.00,0.00,0.00,0.00,0.07,0.00,0.07,0.07,0.07,Matches,5ed9b537
265,Ezri Konsa,eng ENG,DF,Aston Villa,25-137,1997,25,24,2152,23.9,0,0,0,0,0,0,4,0,0.6,0.6,0.5,1.2,5,27,9,0.00,0.00,0.00,0.00,0.00,0.03,0.02,0.05,0.03,0.05,Matches,0313a347
266,Kalidou Koulibaly,sn SEN,DF,Chelsea,31-262,1991,17,15,1340,14.9,2,0,2,2,0,0,6,1,0.8,0.8,0.4,1.2,10,65,4,0.13,0.00,0.13,0.13,0.13,0.05,0.03,0.08,0.05,0.08,Matches,da974c7b
267,Cheikhou Kouyaté,sn SEN,MFDF,Nott'ham Forest,33-078,1989,12,9,704,7.8,1,0,1,1,0,0,2,0,0.3,0.3,0.6,1.0,6,16,8,0.13,0.00,0.13,0.13,0.13,0.04,0.08,0.12,0.04,0.12,Matches,8d3c902d
268,Mateo Kovačić,hr CRO,MF,Chelsea,28-307,1994,17,9,999,11.1,0,1,1,0,0,0,4,0,0.5,0.5,1.2,1.7,27,89,12,0.00,0.09,0.09,0.00,0.09,0.04,0.11,0.15,0.04,0.15,Matches,79c0821a
269,Emil Krafth,se SWE,DF,Newcastle Utd,28-219,1994,1,0,1,0.0,0,0,0,0,0,0,0,0,0.0,0.0,0.0,0.0,0,0,0,0.00,0.00,0.00,0.00,0.00,0.00,0.00,0.00,0.00,0.00,Matches,77cf6852
270,Dejan Kulusevski,se SWE,MFFW,Tottenham,22-318,2000,18,16,1375,15.3,2,5,7,2,0,0,1,0,1.7,1.7,3.1,4.8,65,45,141,0.13,0.33,0.46,0.13,0.46,0.11,0.21,0.31,0.11,0.31,Matches,df3cda47
271,Layvin Kurzawa,fr FRA,DF,Fulham,30-186,1992,3,2,135,1.5,0,0,0,0,0,0,1,0,0.0,0.0,0.0,0.0,1,2,2,0.00,0.00,0.00,0.00,0.00,0.00,0.00,0.00,0.00,0.00,Matches,41e7ef1c
272,Adam Lallana,eng ENG,MFFW,Brighton,34-303,1988,16,12,722,8.0,2,1,3,2,0,0,0,0,0.9,0.9,1.0,1.9,10,33,43,0.25,0.12,0.37,0.25,0.37,0.11,0.12,0.23,0.11,0.23,Matches,99813635
273,Tariq Lamptey,gh GHA,DF,Brighton,22-160,2000,20,3,453,5.0,0,0,0,0,0,0,1,0,0.2,0.2,0.2,0.4,28,26,58,0.00,0.00,0.00,0.00,0.00,0.04,0.04,0.08,0.04,0.08,Matches,f4e433d4
274,Manuel Lanzini,ar ARG,MFFW,West Ham,30-022,1993,7,1,150,1.7,0,0,0,0,0,0,0,0,0.1,0.1,0.0,0.1,2,14,4,0.00,0.00,0.00,0.00,0.00,0.03,0.00,0.03,0.03,0.03,Matches,26f6dca8
275,Aymeric Laporte,es ESP,DF,Manchester City,28-286,1994,7,6,556,6.2,0,0,0,0,0,0,0,0,0.5,0.5,0.2,0.7,17,46,8,0.00,0.00,0.00,0.00,0.00,0.08,0.03,0.11,0.08,0.11,Matches,119b9a8e
276,Juan Larios,es ESP,DF,Southampton,19-056,2004,5,2,152,1.7,0,0,0,0,0,0,0,0,0.0,0.0,0.0,0.0,10,4,1,0.00,0.00,0.00,0.00,0.00,0.00,0.00,0.00,0.00,0.00,Matches,cf7fb13a
277,Jamaal Lascelles,eng ENG,DF,Newcastle Utd,29-118,1993,5,2,197,2.2,0,0,0,0,0,0,4,0,0.1,0.1,0.0,0.1,0,3,0,0.00,0.00,0.00,0.00,0.00,0.03,0.00,0.03,0.03,0.03,Matches,450ab6fc
278,Roméo Lavia,be BEL,MF,Southampton,19-062,2004,16,14,1159,12.9,1,0,1,1,0,0,6,0,0.2,0.2,0.3,0.5,6,49,10,0.08,0.00,0.08,0.08,0.08,0.02,0.02,0.04,0.02,0.04,Matches,ecad9aa5
279,Dexter Lembikisa,jm JAM,DF,Wolves,19-125,2003,1,0,23,0.3,0,0,0,0,0,0,0,0,0.0,0.0,0.0,0.0,2,3,3,0.00,0.00,0.00,0.00,0.00,0.00,0.00,0.00,0.00,0.00,Matches,0bdda685
280,Mario Lemina,ga GAB,MF,Wolves,29-189,1993,7,6,417,4.6,0,0,0,0,0,0,3,1,0.0,0.0,0.1,0.2,2,16,2,0.00,0.00,0.00,0.00,0.00,0.01,0.03,0.03,0.01,0.03,Matches,2b471f99
281,Clément Lenglet,fr FRA,DF,Tottenham,27-265,1995,16,14,1192,13.2,0,2,2,0,0,0,2,0,0.8,0.8,0.6,1.4,20,48,6,0.00,0.15,0.15,0.00,0.15,0.06,0.05,0.10,0.06,0.10,Matches,4f28a6ff
282,Bernd Leno,de GER,GK,Fulham,31-005,1992,24,24,2160,24.0,0,0,0,0,0,0,2,0,0.0,0.0,0.0,0.0,0,0,0,0.00,0.00,0.00,0.00,0.00,0.00,0.00,0.00,0.00,0.00,Matches,2628fd2b
283,Jefferson Lerma,co COL,MFDF,Bournemouth,28-135,1994,24,24,2108,23.4,3,0,3,3,0,0,3,0,1.6,1.6,0.6,2.1,13,79,18,0.13,0.00,0.13,0.13,0.13,0.07,0.02,0.09,0.07,0.09,Matches,9b5ce51a
284,Jamal Lewis,nir NIR,DF,Newcastle Utd,25-043,1998,1,0,8,0.1,0,0,0,0,0,0,0,0,0.0,0.0,0.0,0.0,0,1,1,0.00,0.00,0.00,0.00,0.00,0.00,0.00,0.00,0.00,0.00,Matches,efb9215a
285,Rico Lewis,eng ENG,DFMF,Manchester City,18-108,2004,10,6,543,6.0,0,0,0,0,0,0,1,0,0.1,0.1,0.8,1.0,19,31,14,0.00,0.00,0.00,0.00,0.00,0.02,0.14,0.16,0.02,0.16,Matches,b57e066e
286,Keane Lewis-Potter,eng ENG,FWMF,Brentford,22-015,2001,10,3,321,3.6,0,1,1,0,0,0,0,0,0.5,0.5,1.2,1.7,8,6,39,0.00,0.28,0.28,0.00,0.28,0.14,0.35,0.49,0.14,0.49,Matches,41f08ac8
287,Victor Lindelöf,se SWE,DF,Manchester Utd,28-235,1994,9,5,542,6.0,0,0,0,0,0,0,0,0,0.0,0.0,0.0,0.0,1,17,0,0.00,0.00,0.00,0.00,0.00,0.00,0.00,0.00,0.00,0.00,Matches,f5deef4c
288,Jesse Lingard,eng ENG,FWMF,Nott'ham Forest,30-084,1992,15,11,875,9.7,0,0,0,0,0,0,1,0,1.0,1.0,0.7,1.7,11,32,34,0.00,0.00,0.00,0.00,0.00,0.11,0.07,0.18,0.11,0.18,Matches,810e3c74
289,Diego Llorente,es ESP,DF,Leeds United,29-205,1993,8,7,649,7.2,0,0,0,0,0,0,1,0,0.7,0.7,0.0,0.7,2,27,1,0.00,0.00,0.00,0.00,0.00,0.10,0.00,0.10,0.10,0.10,Matches,bba30585
290,Hugo Lloris,fr FRA,GK,Tottenham,36-073,1986,21,21,1890,21.0,0,0,0,0,0,0,0,0,0.0,0.0,0.0,0.0,0,0,0,0.00,0.00,0.00,0.00,0.00,0.00,0.00,0.00,0.00,0.00,Matches,8f62b6ee
291,Renan Lodi,br BRA,DF,Nott'ham Forest,24-335,1998,17,16,1343,14.9,0,0,0,0,0,0,3,0,0.7,0.7,0.6,1.3,19,22,46,0.00,0.00,0.00,0.00,0.00,0.05,0.04,0.09,0.05,0.09,Matches,ed9f7cfe
292,Ruben Loftus-Cheek,eng ENG,MFDF,Chelsea,27-045,1996,17,15,1176,13.1,0,0,0,0,0,0,1,0,0.8,0.8,1.1,2.0,36,68,61,0.00,0.00,0.00,0.00,0.00,0.06,0.09,0.15,0.06,0.15,Matches,e97fd090
293,Sean Longstaff,eng ENG,MF,Newcastle Utd,25-130,1997,24,20,1837,20.4,1,3,4,1,0,0,2,0,2.4,2.4,2.8,5.2,12,87,80,0.05,0.15,0.20,0.05,0.20,0.12,0.14,0.26,0.12,0.26,Matches,a2b105e0
294,Jamal Lowe,jm JAM,MFFW,Bournemouth,28-231,1994,2,0,12,0.1,0,0,0,0,0,0,0,0,0.0,0.0,0.0,0.0,0,1,0,0.00,0.00,0.00,0.00,0.00,0.00,0.00,0.00,0.00,0.00,Matches,b2856bc0
295,Douglas Luiz,br BRA,MF,Aston Villa,24-304,1998,24,20,1770,19.7,2,5,7,2,0,0,4,1,1.0,1.0,2.7,3.7,26,78,19,0.10,0.25,0.36,0.10,0.36,0.05,0.14,0.19,0.05,0.19,Matches,6f7d826d
296,Saša Lukić,rs SRB,MF,Fulham,26-208,1996,3,1,120,1.3,0,0,0,0,0,0,1,0,0.0,0.0,0.0,0.0,2,5,4,0.00,0.00,0.00,0.00,0.00,0.04,0.00,0.04,0.04,0.04,Matches,c6e8cf1f
297,Lyanco,br BRA,DF,Southampton,26-036,1997,14,7,698,7.8,0,0,0,0,0,0,4,0,0.3,0.3,0.1,0.3,5,20,2,0.00,0.00,0.00,0.00,0.00,0.03,0.01,0.04,0.03,0.04,Matches,b5bf1770
298,Alexis Mac Allister,ar ARG,MF,Brighton,24-075,1998,20,19,1727,19.2,6,1,7,2,4,4,6,0,6.9,3.8,2.2,5.9,30,98,37,0.31,0.05,0.36,0.10,0.16,0.36,0.11,0.47,0.20,0.31,Matches,83d074ff
299,James Maddison,eng ENG,MFFW,Leicester City,26-106,1996,18,17,1453,16.1,9,5,14,9,0,0,7,0,4.0,4.0,4.5,8.5,40,100,95,0.56,0.31,0.87,0.56,0.87,0.25,0.28,0.53,0.25,0.53,Matches,ee38d9c5
300,Noni Madueke,eng ENG,FW,Chelsea,20-364,2002,4,2,182,2.0,0,0,0,0,0,0,0,0,0.1,0.1,0.2,0.3,6,8,20,0.00,0.00,0.00,0.00,0.00,0.06,0.08,0.14,0.06,0.14,Matches,bf34eebd
301,Harry Maguire,eng ENG,DF,Manchester Utd,30-004,1993,10,5,481,5.3,0,0,0,0,0,0,3,0,0.3,0.3,0.3,0.6,5,14,2,0.00,0.00,0.00,0.00,0.00,0.06,0.06,0.12,0.06,0.12,Matches,d8931174
302,Riyad Mahrez,dz ALG,FWMF,Manchester City,32-016,1991,19,12,1061,11.8,5,4,9,4,1,1,2,0,4.6,3.9,3.3,7.2,38,52,152,0.42,0.34,0.76,0.34,0.68,0.39,0.28,0.68,0.33,0.61,Matches,892d5bb1
303,Kobbie Mainoo,eng ENG,MF,Manchester Utd,17-324,2005,1,0,11,0.1,0,0,0,0,0,0,0,0,0.0,0.0,0.0,0.0,2,1,1,0.00,0.00,0.00,0.00,0.00,0.00,0.00,0.00,0.00,0.00,Matches,c6220452
304,Ainsley Maitland-Niles,eng ENG,DFMF,Southampton,25-192,1997,14,9,903,10.0,0,0,0,0,0,0,3,0,0.0,0.0,0.6,0.6,9,38,10,0.00,0.00,0.00,0.00,0.00,0.00,0.06,0.06,0.00,0.06,Matches,e3a5814e
305,Tyrell Malacia,nl NED,DF,Manchester Utd,23-204,1999,15,10,920,10.2,0,0,0,0,0,0,3,0,0.2,0.2,0.1,0.3,14,28,20,0.00,0.00,0.00,0.00,0.00,0.02,0.01,0.03,0.02,0.03,Matches,6b6c793c
306,Orel Mangala,be BEL,MF,Nott'ham Forest,24-356,1998,15,10,712,7.9,0,0,0,0,0,0,1,0,0.3,0.3,0.1,0.4,10,25,6,0.00,0.00,0.00,0.00,0.00,0.04,0.01,0.05,0.04,0.05,Matches,a572e291
307,Javier Manquillo,es ESP,DF,Newcastle Utd,28-308,1994,1,0,11,0.1,0,0,0,0,0,0,0,0,0.0,0.0,0.0,0.0,2,1,1,0.00,0.00,0.00,0.00,0.00,0.00,0.00,0.00,0.00,0.00,Matches,758dd7f0
308,Sekou Mara,fr FRA,FWMF,Southampton,20-222,2002,17,3,415,4.6,0,1,1,0,0,0,1,0,0.8,0.8,0.5,1.3,4,6,23,0.00,0.22,0.22,0.00,0.22,0.18,0.11,0.29,0.18,0.29,Matches,3544641e
309,Solly March,eng ENG,FWDF,Brighton,28-232,1994,23,23,1971,21.9,5,4,9,5,0,0,2,0,5.4,5.4,5.0,10.4,77,98,261,0.23,0.18,0.41,0.23,0.41,0.25,0.23,0.48,0.25,0.48,Matches,bb5fbd2b
310,Emiliano Marcondes,dk DEN,MF,Bournemouth,28-000,1995,1,0,9,0.1,0,0,0,0,0,0,0,0,0.0,0.0,0.0,0.0,0,1,0,0.00,0.00,0.00,0.00,0.00,0.00,0.00,0.00,0.00,0.00,Matches,4d960fc3
311,Marquinhos,br BRA,MF,Arsenal,19-336,2003,1,0,1,0.0,0,0,0,0,0,0,0,0,0.0,0.0,0.0,0.0,0,0,0,0.00,0.00,0.00,0.00,0.00,0.00,0.00,0.00,0.00,0.00,Matches,59878425
312,Anthony Martial,fr FRA,FW,Manchester Utd,27-094,1995,9,6,458,5.1,3,2,5,2,1,1,0,0,3.2,2.4,0.9,3.3,7,15,28,0.59,0.39,0.98,0.39,0.79,0.63,0.18,0.81,0.47,0.66,Matches,8b788c01
313,Martinelli,br BRA,FW,Arsenal,21-264,2001,26,25,2094,23.3,11,2,13,11,0,0,3,0,6.7,6.7,5.4,12.1,97,79,270,0.47,0.09,0.56,0.47,0.56,0.29,0.23,0.52,0.29,0.52,Matches,48a5a5d6
314,Emiliano Martínez,ar ARG,GK,Aston Villa,30-188,1992,23,23,2014,22.4,0,0,0,0,0,0,5,0,0.0,0.0,0.3,0.3,0,0,0,0.00,0.00,0.00,0.00,0.00,0.00,0.01,0.01,0.00,0.01,Matches,7956236f
315,Lisandro Martínez,ar ARG,DF,Manchester Utd,25-050,1998,23,20,1763,19.6,1,0,1,1,0,0,5,0,0.3,0.3,0.3,0.6,11,70,1,0.05,0.00,0.05,0.05,0.05,0.01,0.02,0.03,0.01,0.03,Matches,bac46a10
316,Pape Matar Sarr,sn SEN,MF,Tottenham,20-176,2002,5,1,138,1.5,0,0,0,0,0,0,1,0,0.0,0.0,0.0,0.1,1,11,0,0.00,0.00,0.00,0.00,0.00,0.02,0.02,0.03,0.02,0.03,Matches,feb5d972
317,Jean-Philippe Mateta,fr FRA,FW,Crystal Palace,25-254,1997,21,6,684,7.6,1,0,1,1,0,0,2,0,2.4,2.4,0.6,3.1,6,5,33,0.13,0.00,0.13,0.13,0.13,0.32,0.08,0.40,0.32,0.40,Matches,50e6dc35
318,Joël Matip,cm CMR,DF,Liverpool,31-213,1991,11,9,822,9.1,0,0,0,0,0,0,2,0,0.1,0.1,0.2,0.3,24,44,1,0.00,0.00,0.00,0.00,0.00,0.01,0.02,0.03,0.01,0.03,Matches,b217ef29
319,Neal Maupay,fr FRA,FW,Everton,26-207,1996,19,10,942,10.5,1,0,1,1,0,0,3,0,3.7,3.7,0.5,4.3,7,8,50,0.10,0.00,0.10,0.10,0.10,0.36,0.05,0.41,0.36,0.41,Matches,4bcf39f6
320,Kevin Mbabu,ch SUI,DFFW,Fulham,27-324,1995,6,1,144,1.6,0,1,1,0,0,0,1,0,0.0,0.0,0.4,0.4,4,8,11,0.00,0.62,0.62,0.00,0.62,0.00,0.25,0.25,0.00,0.25,Matches,493924a7
321,Bryan Mbeumo,cm CMR,FW,Brentford,23-214,1999,24,24,1836,20.4,5,3,8,4,1,1,4,0,6.2,5.5,2.9,8.4,34,51,142,0.25,0.15,0.39,0.20,0.34,0.31,0.14,0.45,0.27,0.41,Matches,6afaebf2
322,James McArthur,sct SCO,MF,Crystal Palace,35-153,1987,1,0,10,0.1,0,0,0,0,0,0,0,0,0.0,0.0,0.0,0.0,0,0,0,0.00,0.00,0.00,0.00,0.00,0.00,0.00,0.00,0.00,0.00,Matches,cee31595
323,John McGinn,sct SCO,MF,Aston Villa,28-142,1994,21,17,1524,16.9,0,2,2,0,0,0,4,0,1.7,1.7,1.5,3.2,11,72,42,0.00,0.12,0.12,0.00,0.12,0.10,0.09,0.19,0.10,0.19,Matches,90f91999
324,Scott McKenna,sct SCO,DF,Nott'ham Forest,26-117,1996,18,17,1462,16.2,0,0,0,0,0,0,4,0,0.1,0.1,0.8,0.9,5,33,1,0.00,0.00,0.00,0.00,0.00,0.00,0.05,0.05,0.00,0.05,Matches,4e5a4cbc
325,Weston McKennie,us USA,MF,Leeds United,24-193,1998,6,5,465,5.2,0,0,0,0,0,0,3,0,0.3,0.3,0.2,0.4,6,35,11,0.00,0.00,0.00,0.00,0.00,0.05,0.03,0.08,0.05,0.08,Matches,01c3aff5
326,Dwight McNeil,eng ENG,FWMF,Everton,23-107,1999,24,16,1418,15.8,2,2,4,2,0,0,4,0,1.1,1.1,3.5,4.6,40,41,84,0.13,0.13,0.25,0.13,0.25,0.07,0.22,0.29,0.07,0.29,Matches,fc15fb84
327,Scott McTominay,sct SCO,MF,Manchester Utd,26-091,1996,17,7,818,9.1,0,0,0,0,0,0,6,0,0.8,0.8,0.2,1.0,8,23,15,0.00,0.00,0.00,0.00,0.00,0.08,0.02,0.11,0.08,0.11,Matches,d93c2511
328,Ben Mee,eng ENG,DF,Brentford,33-169,1989,23,23,2018,22.4,3,0,3,3,0,0,2,0,1.8,1.8,0.2,1.9,2,39,9,0.13,0.00,0.13,0.13,0.13,0.08,0.01,0.09,0.08,0.09,Matches,8df7a2fb
329,Edouard Mendy,sn SEN,GK,Chelsea,31-008,1992,9,8,765,8.5,0,0,0,0,0,0,1,0,0.0,0.0,0.0,0.0,0,0,0,0.00,0.00,0.00,0.00,0.00,0.00,0.00,0.00,0.00,0.00,Matches,33887998
330,Nampalys Mendy,sn SEN,MF,Leicester City,30-259,1992,13,5,545,6.1,1,0,1,1,0,0,1,0,0.1,0.1,0.0,0.2,2,19,4,0.17,0.00,0.17,0.17,0.17,0.02,0.01,0.03,0.02,0.03,Matches,1598599e
331,Chris Mepham,wls WAL,DF,Bournemouth,25-124,1997,21,19,1749,19.4,0,0,0,0,0,0,7,0,0.3,0.3,0.2,0.5,1,31,0,0.00,0.00,0.00,0.00,0.00,0.02,0.01,0.03,0.02,0.03,Matches,fed96827
332,Illan Meslier,fr FRA,GK,Leeds United,23-007,2000,25,25,2250,25.0,0,0,0,0,0,0,2,0,0.1,0.1,0.0,0.1,0,0,0,0.00,0.00,0.00,0.00,0.00,0.00,0.00,0.00,0.00,0.00,Matches,6b625ac2
333,Alexander Mighten,eng ENG,FW,Nott'ham Forest,20-332,2002,1,0,8,0.1,0,0,0,0,0,0,0,0,0.0,0.0,0.0,0.0,0,0,1,0.00,0.00,0.00,0.00,0.00,0.00,0.00,0.00,0.00,0.00,Matches,10ec4169
334,Luka Milivojević,rs SRB,MF,Crystal Palace,31-336,1991,11,2,293,3.3,0,0,0,0,0,0,0,0,0.2,0.2,0.2,0.4,1,14,2,0.00,0.00,0.00,0.00,0.00,0.07,0.05,0.13,0.07,0.13,Matches,2ce2508a
335,James Milner,eng ENG,MFDF,Liverpool,37-064,1986,19,6,693,7.7,0,1,1,0,0,0,1,0,0.4,0.4,0.8,1.2,16,51,57,0.00,0.13,0.13,0.00,0.13,0.05,0.10,0.15,0.05,0.15,Matches,2f90f6b8
336,Yerry Mina,co COL,DF,Everton,28-167,1994,3,3,234,2.6,1,0,1,1,0,0,1,0,0.2,0.2,0.0,0.2,1,7,1,0.38,0.00,0.38,0.38,0.38,0.09,0.00,0.09,0.09,0.09,Matches,6d5701f2
337,Tyrone Mings,eng ENG,DF,Aston Villa,29-361,1993,22,22,1980,22.0,0,1,1,0,0,0,4,0,0.0,0.0,0.6,0.6,10,62,6,0.00,0.05,0.05,0.00,0.05,0.00,0.03,0.03,0.00,0.03,Matches,8397a50c
338,Tyrick Mitchell,eng ENG,DF,Crystal Palace,23-189,1999,23,21,1721,19.1,0,2,2,0,0,0,4,1,0.3,0.3,0.8,1.1,15,64,53,0.00,0.10,0.10,0.00,0.10,0.02,0.04,0.06,0.02,0.06,Matches,5cbd1eb0
339,Kaoru Mitoma,jp JPN,FWMF,Brighton,25-293,1997,18,11,1102,12.2,6,1,7,6,0,0,0,0,3.0,3.0,2.8,5.8,70,51,128,0.49,0.08,0.57,0.49,0.57,0.24,0.23,0.47,0.24,0.47,Matches,74618572
340,Aleksandar Mitrović,rs SRB,FW,Fulham,28-174,1994,20,20,1723,19.1,11,1,12,8,3,6,6,0,12.2,7.5,2.1,9.6,19,39,88,0.57,0.05,0.63,0.42,0.47,0.64,0.11,0.75,0.39,0.50,Matches,3925dbd6
341,Kieffer Moore,wls WAL,FW,Bournemouth,30-213,1992,20,12,1119,12.4,4,0,4,4,0,0,0,0,3.2,3.2,0.3,3.5,10,20,44,0.32,0.00,0.32,0.32,0.32,0.26,0.02,0.28,0.26,0.28,Matches,01ce9e70
342,Andrew Moran,ie IRL,FW,Brighton,19-145,2003,1,0,12,0.1,0,0,0,0,0,0,0,0,0.0,0.0,0.0,0.0,0,0,1,0.00,0.00,0.00,0.00,0.00,0.00,0.00,0.00,0.00,0.00,Matches,c4720845
343,Álex Moreno,es ESP,DF,Aston Villa,29-274,1993,7,3,423,4.7,0,1,1,0,0,0,2,0,0.3,0.3,0.7,1.0,11,9,37,0.00,0.21,0.21,0.00,0.21,0.06,0.15,0.21,0.06,0.21,Matches,16e9d0ea
344,Mason Mount,eng ENG,MFFW,Chelsea,24-058,1999,23,20,1631,18.1,3,2,5,3,0,0,4,0,1.9,1.9,2.9,4.9,47,97,113,0.17,0.11,0.28,0.17,0.28,0.11,0.16,0.27,0.11,0.27,Matches,9674002f
345,Lucas Moura,br BRA,MFDF,Tottenham,30-208,1992,10,0,113,1.3,0,0,0,0,0,0,0,0,0.1,0.1,0.3,0.3,3,9,10,0.00,0.00,0.00,0.00,0.00,0.07,0.20,0.27,0.07,0.27,Matches,2b622f01
346,João Moutinho,pt POR,MF,Wolves,36-182,1986,24,18,1567,17.4,0,2,2,0,0,0,2,0,1.1,1.1,2.4,3.5,14,124,25,0.00,0.11,0.11,0.00,0.11,0.06,0.14,0.20,0.06,0.20,Matches,f5a00fa4
347,Divin Mubama,eng ENG,FW,West Ham,18-135,2004,1,0,4,0.0,0,0,0,0,0,0,0,0,0.0,0.0,0.0,0.0,0,0,0,0.00,0.00,0.00,0.00,0.00,0.00,0.00,0.00,0.00,0.00,Matches,92868cb5
348,Mykhailo Mudryk,ua UKR,FW,Chelsea,22-063,2001,5,2,182,2.0,0,0,0,0,0,0,0,0,0.4,0.4,0.0,0.4,5,7,12,0.00,0.00,0.00,0.00,0.00,0.22,0.00,0.22,0.22,0.22,Matches,049a888d
349,Jacob Murphy,eng ENG,FW,Newcastle Utd,28-013,1995,24,5,598,6.6,1,1,2,1,0,0,0,0,0.8,0.8,0.7,1.5,34,25,58,0.15,0.15,0.30,0.15,0.30,0.12,0.10,0.22,0.12,0.22,Matches,de112b84
350,Enock Mwepu,zm ZAM,FWMF,Brighton,25-067,1998,6,2,213,2.4,0,1,1,0,0,0,0,0,0.2,0.2,0.5,0.7,5,6,17,0.00,0.42,0.42,0.00,0.42,0.09,0.20,0.29,0.09,0.29,Matches,1d5cab82
351,Vitaliy Mykolenko,ua UKR,DFMF,Everton,23-284,1999,25,25,2138,23.8,0,0,0,0,0,0,3,0,0.4,0.4,1.2,1.6,30,86,57,0.00,0.00,0.00,0.00,0.00,0.02,0.05,0.07,0.02,0.07,Matches,30d4a2e5
352,Keylor Navas,cr CRC,GK,Nott'ham Forest,36-084,1986,5,5,450,5.0,0,0,0,0,0,0,0,0,0.0,0.0,0.0,0.0,0,0,0,0.00,0.00,0.00,0.00,0.00,0.00,0.00,0.00,0.00,0.00,Matches,ecada4fc
353,Wilfred Ndidi,ng NGA,MFDF,Leicester City,26-083,1996,17,11,997,11.1,0,0,0,0,0,0,3,0,0.2,0.2,0.0,0.2,9,39,3,0.00,0.00,0.00,0.00,0.00,0.01,0.00,0.02,0.01,0.02,Matches,6b47c5db
354,Reiss Nelson,eng ENG,FW,Arsenal,23-089,1999,3,0,87,1.0,3,2,5,3,0,0,0,0,0.7,0.7,0.3,1.0,10,1,17,3.10,2.07,5.17,3.10,5.17,0.72,0.31,1.03,0.72,1.03,Matches,c5bdb6e3
355,Neto,br BRA,GK,Bournemouth,33-233,1989,15,15,1305,14.5,0,0,0,0,0,0,4,0,0.0,0.0,0.0,0.0,0,0,0,0.00,0.00,0.00,0.00,0.00,0.00,0.00,0.00,0.00,0.00,Matches,a9dc785c
356,Pedro Neto,pt POR,FWMF,Wolves,23-000,2000,9,9,644,7.2,0,0,0,0,0,0,1,0,0.7,0.7,1.2,1.9,28,18,81,0.00,0.00,0.00,0.00,0.00,0.10,0.16,0.26,0.10,0.26,Matches,7ba2eaa9
357,Rúben Neves,pt POR,MF,Wolves,25-361,1997,25,25,2250,25.0,5,0,5,3,2,2,9,0,3.8,2.2,1.0,3.2,19,152,11,0.20,0.00,0.20,0.12,0.12,0.15,0.04,0.19,0.09,0.13,Matches,44bfb6c5
358,Moussa Niakhate,fr FRA,DF,Nott'ham Forest,27-001,1996,2,2,160,1.8,0,0,0,0,0,0,0,0,0.3,0.3,0.0,0.3,0,2,0,0.00,0.00,0.00,0.00,0.00,0.15,0.00,0.15,0.15,0.15,Matches,00242715
359,Rasmus Nissen,dk DEN,DF,Leeds United,25-241,1997,15,13,1178,13.1,0,1,1,0,0,0,4,0,0.4,0.4,0.8,1.2,12,51,60,0.00,0.08,0.08,0.00,0.08,0.03,0.06,0.09,0.03,0.09,Matches,39769cff
360,Eddie Nketiah,eng ENG,FW,Arsenal,23-283,1999,23,9,1001,11.1,4,1,5,4,0,0,2,0,7.7,7.7,0.9,8.6,30,15,73,0.36,0.09,0.45,0.36,0.45,0.69,0.08,0.78,0.69,0.78,Matches,a53649b7
361,Matheus Nunes,pt POR,MF,Wolves,24-194,1998,23,21,1672,18.6,0,1,1,0,0,0,1,0,2.1,2.1,1.9,4.0,45,60,88,0.00,0.05,0.05,0.00,0.05,0.11,0.10,0.21,0.11,0.21,Matches,e6af02e0
362,Darwin Núñez,uy URU,FW,Liverpool,23-258,1999,19,15,1282,14.2,8,3,11,8,0,0,1,1,10.3,10.3,4.4,14.7,48,22,134,0.56,0.21,0.77,0.56,0.77,0.72,0.31,1.03,0.72,1.03,Matches,4d77b365
363,Ethan Nwaneri,eng ENG,FW,Arsenal,15-353,2007,1,0,1,0.0,0,0,0,0,0,0,0,0,0.0,0.0,0.0,0.0,0,0,0,0.00,0.00,0.00,0.00,0.00,0.00,0.00,0.00,0.00,0.00,Matches,7f94982c
364,Christian Nørgaard,dk DEN,MF,Brentford,28-364,1994,14,13,1131,12.6,1,2,3,1,0,0,2,0,1.1,1.1,1.9,3.0,2,47,5,0.08,0.16,0.24,0.08,0.24,0.09,0.15,0.24,0.09,0.24,Matches,df0a4c90
365,Lewis O'Brien,eng ENG,MF,Nott'ham Forest,24-146,1998,13,6,584,6.5,1,0,1,1,0,0,2,0,0.3,0.3,0.2,0.5,13,21,3,0.15,0.00,0.15,0.15,0.15,0.05,0.03,0.08,0.05,0.08,Matches,089667a5
366,Angelo Ogbonna,it ITA,DF,West Ham,34-290,1988,10,8,715,7.9,0,0,0,0,0,0,0,0,0.2,0.2,0.2,0.4,0,4,1,0.00,0.00,0.00,0.00,0.00,0.02,0.02,0.05,0.02,0.05,Matches,74b2cd7e
367,Michael Olise,fr FRA,MFFW,Crystal Palace,21-087,2001,24,18,1610,17.9,2,5,7,2,0,0,2,0,1.3,1.3,4.3,5.6,60,75,130,0.11,0.28,0.39,0.11,0.39,0.07,0.24,0.31,0.07,0.31,Matches,c4486bac
368,Robin Olsen,se SWE,GK,Aston Villa,33-060,1990,3,2,236,2.6,0,0,0,0,0,0,0,0,0.0,0.0,0.0,0.0,0,0,0,0.00,0.00,0.00,0.00,0.00,0.00,0.00,0.00,0.00,0.00,Matches,e7ee38c3
369,Amadou Onana,be BEL,MF,Everton,21-205,2001,24,22,1896,21.1,1,1,2,1,0,0,7,0,2.3,2.3,1.9,4.2,23,50,37,0.05,0.05,0.09,0.05,0.09,0.11,0.09,0.20,0.11,0.20,Matches,828657ff
370,Josh Onomah,eng ENG,MF,Fulham,25-316,1997,2,0,15,0.2,0,0,0,0,0,0,0,0,0.0,0.0,0.0,0.0,1,0,0,0.00,0.00,0.00,0.00,0.00,0.00,0.00,0.00,0.00,0.00,Matches,6612cd8c
371,Paul Onuachu,ng NGA,FW,Southampton,28-285,1994,4,3,238,2.6,0,0,0,0,0,0,0,0,0.3,0.3,0.1,0.4,1,5,16,0.00,0.00,0.00,0.00,0.00,0.11,0.03,0.14,0.11,0.14,Matches,c06d1086
372,Frank Onyeka,ng NGA,MF,Brentford,25-067,1998,12,4,442,4.9,0,1,1,0,0,0,0,0,0.4,0.4,0.5,0.9,3,15,10,0.00,0.20,0.20,0.00,0.20,0.07,0.11,0.18,0.07,0.18,Matches,2944f86f
373,Mislav Oršić,hr CRO,MF,Southampton,30-070,1992,1,0,7,0.1,0,0,0,0,0,0,0,0,0.0,0.0,0.0,0.0,0,0,0,0.00,0.00,0.00,0.00,0.00,0.00,0.00,0.00,0.00,0.00,Matches,ee950928
374,Dango Ouattara,bf BFA,MFFW,Bournemouth,21-026,2002,6,6,486,5.4,0,2,2,0,0,0,1,0,1.6,1.6,1.0,2.7,17,6,32,0.00,0.37,0.37,0.00,0.37,0.30,0.19,0.49,0.30,0.49,Matches,2f9e4435
375,Alex Oxlade-Chamberlain,eng ENG,FWMF,Liverpool,29-206,1993,8,4,314,3.5,1,0,1,1,0,0,0,0,1.3,1.3,0.9,2.2,11,12,24,0.29,0.00,0.29,0.29,0.29,0.37,0.25,0.62,0.37,0.62,Matches,38c7feef
376,David Ozoh,,FW,Crystal Palace,17-282,2005,1,0,1,0.0,0,0,0,0,0,0,0,0,0.0,0.0,0.0,0.0,0,0,0,0.00,0.00,0.00,0.00,0.00,0.00,0.00,0.00,0.00,0.00,Matches,d00d45ab
